id,video_name,num_frames,frame_rate,trial_length,video_width,video_height,genotype,task,date,name,health,modulation,maze,csv_file_path,dose_mult,center
1,FoodOnly_7_30_25_S1P_Cauliflower.mp4,30016,25.0,1200.64,360,288,white,FoodOnly,2025-07-30,Cauliflower,ghrelin,,2,data/DlcDataPytorchFiltered/WhiteAnimals10X/FoodOnly/FoodOnly_7_30_25_S1P_CauliflowerDLC_Resnet50_DLC-WhiteAnimalsJul23shuffle1_snapshot_060_filtered.csv,10,
2,FoodOnly_7_30_25_S3P_Berry.mp4,30016,25.0,1200.64,360,288,white,FoodOnly,2025-07-30,Berry,ghrelin,,2,data/DlcDataPytorchFiltered/WhiteAnimals10X/FoodOnly/FoodOnly_7_30_25_S3P_BerryDLC_Resnet50_DLC-WhiteAnimalsJul23shuffle1_snapshot_060_filtered.csv,10,
3,FoodOnly_7_29_25_S3Y_Potato.mp4,30020,25.0,1200.8,360,288,white,FoodOnly,2025-07-29,Potato,saline,,3,data/DlcDataPytorchFiltered/WhiteAnimals10X/FoodOnly/FoodOnly_7_29_25_S3Y_PotatoDLC_Resnet50_DLC-WhiteAnimalsJul23shuffle1_snapshot_060_filtered.csv,10,
4,FoodOnly_7_29_25_S3Y_Squash.mp4,30020,25.0,1200.8,360,288,white,FoodOnly,2025-07-29,Squash,saline,,4,data/DlcDataPytorchFiltered/WhiteAnimals10X/FoodOnly/FoodOnly_7_29_25_S3Y_SquashDLC_Resnet50_DLC-WhiteAnimalsJul23shuffle1_snapshot_060_filtered.csv,10,
5,FoodOnly_7_29_25_S1Y_Broccoli.mp4,30018,25.0,1200.72,360,288,white,FoodOnly,2025-07-29,Broccoli,saline,,2,data/DlcDataPytorchFiltered/WhiteAnimals10X/FoodOnly/FoodOnly_7_29_25_S1Y_BroccoliDLC_Resnet50_DLC-WhiteAnimalsJul23shuffle1_snapshot_060_filtered.csv,10,
6,FoodOnly_7_30_25_S1P_Carrot.mp4,30016,25.0,1200.64,360,288,white,FoodOnly,2025-07-30,Carrot,ghrelin,,1,data/DlcDataPytorchFiltered/WhiteAnimals10X/FoodOnly/FoodOnly_7_30_25_S1P_CarrotDLC_Resnet50_DLC-WhiteAnimalsJul23shuffle1_snapshot_060_filtered.csv,10,
7,FoodOnly_7_29_25_S2Y_Apple.mp4,30016,25.0,1200.64,360,288,white,FoodOnly,2025-07-29,Apple,saline,,2,data/DlcDataPytorchFiltered/WhiteAnimals10X/FoodOnly/FoodOnly_7_29_25_S2Y_AppleDLC_Resnet50_DLC-WhiteAnimalsJul23shuffle1_snapshot_060_filtered.csv,10,
8,FoodOnly_7_30_25_S3P_Tomato.mp4,30016,25.0,1200.64,360,288,white,FoodOnly,2025-07-30,Tomato,ghrelin,,4,data/DlcDataPytorchFiltered/WhiteAnimals10X/FoodOnly/FoodOnly_7_30_25_S3P_TomatoDLC_Resnet50_DLC-WhiteAnimalsJul23shuffle1_snapshot_060_filtered.csv,10,
9,FoodOnly_7_29_25_S2Y_Melon.mp4,30016,25.0,1200.64,360,288,white,FoodOnly,2025-07-29,Melon,saline,,1,data/DlcDataPytorchFiltered/WhiteAnimals10X/FoodOnly/FoodOnly_7_29_25_S2Y_MelonDLC_Resnet50_DLC-WhiteAnimalsJul23shuffle1_snapshot_060_filtered.csv,10,
10,FoodOnly_7_30_25_S3P_Peach.mp4,30016,25.0,1200.64,360,288,white,FoodOnly,2025-07-30,Peach,ghrelin,,1,data/DlcDataPytorchFiltered/WhiteAnimals10X/FoodOnly/FoodOnly_7_30_25_S3P_PeachDLC_Resnet50_DLC-WhiteAnimalsJul23shuffle1_snapshot_060_filtered.csv,10,
11,FoodOnly_7_29_25_S1Y_Spinach.mp4,30018,25.0,1200.72,360,288,white,FoodOnly,2025-07-29,Spinach,saline,,3,data/DlcDataPytorchFiltered/WhiteAnimals10X/FoodOnly/FoodOnly_7_29_25_S1Y_SpinachDLC_Resnet50_DLC-WhiteAnimalsJul23shuffle1_snapshot_060_filtered.csv,10,
12,FoodOnly_7_30_25_S2P_Guava.mp4,30018,25.0,1200.72,360,288,white,FoodOnly,2025-07-30,Guava,ghrelin,,3,data/DlcDataPytorchFiltered/WhiteAnimals10X/FoodOnly/FoodOnly_7_30_25_S2P_GuavaDLC_Resnet50_DLC-WhiteAnimalsJul23shuffle1_snapshot_060_filtered.csv,10,
13,FoodOnly_7_30_25_S2P_Kiwi.mp4,30018,25.0,1200.72,360,288,white,FoodOnly,2025-07-30,Kiwi,ghrelin,,2,data/DlcDataPytorchFiltered/WhiteAnimals10X/FoodOnly/FoodOnly_7_30_25_S2P_KiwiDLC_Resnet50_DLC-WhiteAnimalsJul23shuffle1_snapshot_060_filtered.csv,10,
14,FoodOnly_7_30_25_S2P_Fig.mp4,30018,25.0,1200.72,360,288,white,FoodOnly,2025-07-30,Fig,ghrelin,,1,data/DlcDataPytorchFiltered/WhiteAnimals10X/FoodOnly/FoodOnly_7_30_25_S2P_FigDLC_Resnet50_DLC-WhiteAnimalsJul23shuffle1_snapshot_060_filtered.csv,10,
15,FoodOnly_7_30_25_S1P_Kale.mp4,30016,25.0,1200.64,360,288,white,FoodOnly,2025-07-30,Kale,ghrelin,,3,data/DlcDataPytorchFiltered/WhiteAnimals10X/FoodOnly/FoodOnly_7_30_25_S1P_KaleDLC_Resnet50_DLC-WhiteAnimalsJul23shuffle1_snapshot_060_filtered.csv,10,
16,FoodOnly_7_29_25_S1Y_Celery.mp4,30018,25.0,1200.72,360,288,white,FoodOnly,2025-07-29,Celery,saline,,1,data/DlcDataPytorchFiltered/WhiteAnimals10X/FoodOnly/FoodOnly_7_29_25_S1Y_CeleryDLC_Resnet50_DLC-WhiteAnimalsJul23shuffle1_snapshot_060_filtered.csv,10,
17,FoodOnly_7_30_25_S3P_Mushroom.mp4,30016,25.0,1200.64,360,288,white,FoodOnly,2025-07-30,Mushroom,ghrelin,,3,data/DlcDataPytorchFiltered/WhiteAnimals10X/FoodOnly/FoodOnly_7_30_25_S3P_MushroomDLC_Resnet50_DLC-WhiteAnimalsJul23shuffle1_snapshot_060_filtered.csv,10,
18,FoodOnly_7_29_25_S3Y_Cherry.mp4,30020,25.0,1200.8,360,288,white,FoodOnly,2025-07-29,Cherry,saline,,2,data/DlcDataPytorchFiltered/WhiteAnimals10X/FoodOnly/FoodOnly_7_29_25_S3Y_CherryDLC_Resnet50_DLC-WhiteAnimalsJul23shuffle1_snapshot_060_filtered.csv,10,
19,FoodOnly_7_29_25_S3Y_Mango.mp4,30020,25.0,1200.8,360,288,white,FoodOnly,2025-07-29,Mango,saline,,1,data/DlcDataPytorchFiltered/WhiteAnimals10X/FoodOnly/FoodOnly_7_29_25_S3Y_MangoDLC_Resnet50_DLC-WhiteAnimalsJul23shuffle1_snapshot_060_filtered.csv,10,
20,LightOnly_7_28_25_S3P_Tomato.mp4,30015,25.0,1200.6,360,288,white,LightOnly,2025-07-28,Tomato,ghrelin,,4,data/DlcDataPytorchFiltered/WhiteAnimals10X/LightOnly/LightOnly_7_28_25_S3P_TomatoDLC_Resnet50_DLC-WhiteAnimalsJul23shuffle1_snapshot_060_filtered.csv,10,
21,LightOnly_7_25_25_S1Y_Spinach.mp4,30017,25.0,1200.68,360,288,white,LightOnly,2025-07-25,Spinach,saline,,3,data/DlcDataPytorchFiltered/WhiteAnimals10X/LightOnly/LightOnly_7_25_25_S1Y_SpinachDLC_Resnet50_DLC-WhiteAnimalsJul23shuffle1_snapshot_060_filtered.csv,10,
22,LightOnly_7_25_25_S3Y_Potato.mp4,30016,25.0,1200.64,360,288,white,LightOnly,2025-07-25,Potato,saline,,3,data/DlcDataPytorchFiltered/WhiteAnimals10X/LightOnly/LightOnly_7_25_25_S3Y_PotatoDLC_Resnet50_DLC-WhiteAnimalsJul23shuffle1_snapshot_060_filtered.csv,10,
23,LightOnly_7_28_25_S2P_Kiwi.mp4,30020,25.0,1200.8,360,288,white,LightOnly,2025-07-28,Kiwi,ghrelin,,2,data/DlcDataPytorchFiltered/WhiteAnimals10X/LightOnly/LightOnly_7_28_25_S2P_KiwiDLC_Resnet50_DLC-WhiteAnimalsJul23shuffle1_snapshot_060_filtered.csv,10,
24,LightOnly_7_25_25_S2Y_Melon.mp4,30015,25.0,1200.6,360,288,white,LightOnly,2025-07-25,Melon,saline,,1,data/DlcDataPytorchFiltered/WhiteAnimals10X/LightOnly/LightOnly_7_25_25_S2Y_MelonDLC_Resnet50_DLC-WhiteAnimalsJul23shuffle1_snapshot_060_filtered.csv,10,
25,LightOnly_7_28_25_S3P_Peach.mp4,30015,25.0,1200.6,360,288,white,LightOnly,2025-07-28,Peach,ghrelin,,1,data/DlcDataPytorchFiltered/WhiteAnimals10X/LightOnly/LightOnly_7_28_25_S3P_PeachDLC_Resnet50_DLC-WhiteAnimalsJul23shuffle1_snapshot_060_filtered.csv,10,
26,LightOnly_7_25_25_S3Y_Squash.mp4,30016,25.0,1200.64,360,288,white,LightOnly,2025-07-25,Squash,saline,,4,data/DlcDataPytorchFiltered/WhiteAnimals10X/LightOnly/LightOnly_7_25_25_S3Y_SquashDLC_Resnet50_DLC-WhiteAnimalsJul23shuffle1_snapshot_060_filtered.csv,10,
27,LightOnly_7_25_25_S2Y_Apple.mp4,30015,25.0,1200.6,360,288,white,LightOnly,2025-07-25,Apple,saline,,2,data/DlcDataPytorchFiltered/WhiteAnimals10X/LightOnly/LightOnly_7_25_25_S2Y_AppleDLC_Resnet50_DLC-WhiteAnimalsJul23shuffle1_snapshot_060_filtered.csv,10,
28,LightOnly_7_25_25_S3Y_Mango.mp4,30016,25.0,1200.64,360,288,white,LightOnly,2025-07-25,Mango,saline,,1,data/DlcDataPytorchFiltered/WhiteAnimals10X/LightOnly/LightOnly_7_25_25_S3Y_MangoDLC_Resnet50_DLC-WhiteAnimalsJul23shuffle1_snapshot_060_filtered.csv,10,
29,LightOnly_7_28_25_S2P_Fig.mp4,30020,25.0,1200.8,360,288,white,LightOnly,2025-07-28,Fig,ghrelin,,1,data/DlcDataPytorchFiltered/WhiteAnimals10X/LightOnly/LightOnly_7_28_25_S2P_FigDLC_Resnet50_DLC-WhiteAnimalsJul23shuffle1_snapshot_060_filtered.csv,10,
30,LightOnly_7_28_25_S2P_Guava.mp4,30020,25.0,1200.8,360,288,white,LightOnly,2025-07-28,Guava,ghrelin,,3,data/DlcDataPytorchFiltered/WhiteAnimals10X/LightOnly/LightOnly_7_28_25_S2P_GuavaDLC_Resnet50_DLC-WhiteAnimalsJul23shuffle1_snapshot_060_filtered.csv,10,
31,LightOnly_7_25_25_S1Y_Broccoli.mp4,30017,25.0,1200.68,360,288,white,LightOnly,2025-07-25,Broccoli,saline,,2,data/DlcDataPytorchFiltered/WhiteAnimals10X/LightOnly/LightOnly_7_25_25_S1Y_BroccoliDLC_Resnet50_DLC-WhiteAnimalsJul23shuffle1_snapshot_060_filtered.csv,10,
32,LightOnly_7_28_25_S3P_Mushroom.mp4,30015,25.0,1200.6,360,288,white,LightOnly,2025-07-28,Mushroom,ghrelin,,3,data/DlcDataPytorchFiltered/WhiteAnimals10X/LightOnly/LightOnly_7_28_25_S3P_MushroomDLC_Resnet50_DLC-WhiteAnimalsJul23shuffle1_snapshot_060_filtered.csv,10,
33,LightOnly_7_25_25_S1Y_Celery.mp4,30017,25.0,1200.68,360,288,white,LightOnly,2025-07-25,Celery,saline,,1,data/DlcDataPytorchFiltered/WhiteAnimals10X/LightOnly/LightOnly_7_25_25_S1Y_CeleryDLC_Resnet50_DLC-WhiteAnimalsJul23shuffle1_snapshot_060_filtered.csv,10,
34,LightOnly_7_25_25_S3Y_Cherry.mp4,30016,25.0,1200.64,360,288,white,LightOnly,2025-07-25,Cherry,saline,,2,data/DlcDataPytorchFiltered/WhiteAnimals10X/LightOnly/LightOnly_7_25_25_S3Y_CherryDLC_Resnet50_DLC-WhiteAnimalsJul23shuffle1_snapshot_060_filtered.csv,10,
35,LightOnly_7_28_25_S3P_Berry.mp4,30015,25.0,1200.6,360,288,white,LightOnly,2025-07-28,Berry,ghrelin,,2,data/DlcDataPytorchFiltered/WhiteAnimals10X/LightOnly/LightOnly_7_28_25_S3P_BerryDLC_Resnet50_DLC-WhiteAnimalsJul23shuffle1_snapshot_060_filtered.csv,10,
36,ToyLight_8_6_25_S1P_Kale.mp4,30016,25.0,1200.64,360,288,white,ToyLight,2025-08-06,Kale,ghrelin,,3,data/DlcDataPytorchFiltered/WhiteAnimals10X/ToyLight/ToyLight_8_6_25_S1P_KaleDLC_Resnet50_DLC-WhiteAnimalsJul23shuffle1_snapshot_060_filtered.csv,10,
37,ToyLight_8_7_25_S3Y_Cherry.mp4,30016,25.0,1200.64,360,288,white,ToyLight,2025-08-07,Cherry,saline,,2,data/DlcDataPytorchFiltered/WhiteAnimals10X/ToyLight/ToyLight_8_7_25_S3Y_CherryDLC_Resnet50_DLC-WhiteAnimalsJul23shuffle1_snapshot_060_filtered.csv,10,
38,ToyLight_8_7_25_S2Y_Apple.mp4,30017,25.0,1200.68,360,288,white,ToyLight,2025-08-07,Apple,saline,,2,data/DlcDataPytorchFiltered/WhiteAnimals10X/ToyLight/ToyLight_8_7_25_S2Y_AppleDLC_Resnet50_DLC-WhiteAnimalsJul23shuffle1_snapshot_060_filtered.csv,10,
39,ToyLight_8_7_25_S1Y_Broccoli.mp4,30016,25.0,1200.64,360,288,white,ToyLight,2025-08-07,Broccoli,saline,,2,data/DlcDataPytorchFiltered/WhiteAnimals10X/ToyLight/ToyLight_8_7_25_S1Y_BroccoliDLC_Resnet50_DLC-WhiteAnimalsJul23shuffle1_snapshot_060_filtered.csv,10,
40,ToyLight_8_7_25_S1Y_Celery.mp4,30016,25.0,1200.64,360,288,white,ToyLight,2025-08-07,Celery,saline,,1,data/DlcDataPytorchFiltered/WhiteAnimals10X/ToyLight/ToyLight_8_7_25_S1Y_CeleryDLC_Resnet50_DLC-WhiteAnimalsJul23shuffle1_snapshot_060_filtered.csv,10,
41,ToyLight_8_6_25_S2P_Kiwi.mp4,30019,25.0,1200.76,360,288,white,ToyLight,2025-08-06,Kiwi,ghrelin,,2,data/DlcDataPytorchFiltered/WhiteAnimals10X/ToyLight/ToyLight_8_6_25_S2P_KiwiDLC_Resnet50_DLC-WhiteAnimalsJul23shuffle1_snapshot_060_filtered.csv,10,
42,ToyLight_8_6_25_S1P_Cauliflower.mp4,30016,25.0,1200.64,360,288,white,ToyLight,2025-08-06,Cauliflower,ghrelin,,2,data/DlcDataPytorchFiltered/WhiteAnimals10X/ToyLight/ToyLight_8_6_25_S1P_CauliflowerDLC_Resnet50_DLC-WhiteAnimalsJul23shuffle1_snapshot_060_filtered.csv,10,
43,ToyLight_8_7_25_S2Y_Melon.mp4,30017,25.0,1200.68,360,288,white,ToyLight,2025-08-07,Melon,saline,,1,data/DlcDataPytorchFiltered/WhiteAnimals10X/ToyLight/ToyLight_8_7_25_S2Y_MelonDLC_Resnet50_DLC-WhiteAnimalsJul23shuffle1_snapshot_060_filtered.csv,10,
44,ToyLight_8_6_25_S3P_Berry.mp4,30015,25.0,1200.6,360,288,white,ToyLight,2025-08-06,Berry,ghrelin,,2,data/DlcDataPytorchFiltered/WhiteAnimals10X/ToyLight/ToyLight_8_6_25_S3P_BerryDLC_Resnet50_DLC-WhiteAnimalsJul23shuffle1_snapshot_060_filtered.csv,10,
45,ToyLight_8_6_25_S3P_Tomato.mp4,30015,25.0,1200.6,360,288,white,ToyLight,2025-08-06,Tomato,ghrelin,,4,data/DlcDataPytorchFiltered/WhiteAnimals10X/ToyLight/ToyLight_8_6_25_S3P_TomatoDLC_Resnet50_DLC-WhiteAnimalsJul23shuffle1_snapshot_060_filtered.csv,10,
46,ToyLight_8_6_25_S2P_Fig.mp4,30019,25.0,1200.76,360,288,white,ToyLight,2025-08-06,Fig,ghrelin,,1,data/DlcDataPytorchFiltered/WhiteAnimals10X/ToyLight/ToyLight_8_6_25_S2P_FigDLC_Resnet50_DLC-WhiteAnimalsJul23shuffle1_snapshot_060_filtered.csv,10,
47,ToyLight_8_7_25_S3Y_Mango.mp4,30016,25.0,1200.64,360,288,white,ToyLight,2025-08-07,Mango,saline,,1,data/DlcDataPytorchFiltered/WhiteAnimals10X/ToyLight/ToyLight_8_7_25_S3Y_MangoDLC_Resnet50_DLC-WhiteAnimalsJul23shuffle1_snapshot_060_filtered.csv,10,
48,ToyLight_8_6_25_S3P_Mushroom.mp4,30015,25.0,1200.6,360,288,white,ToyLight,2025-08-06,Mushroom,ghrelin,,3,data/DlcDataPytorchFiltered/WhiteAnimals10X/ToyLight/ToyLight_8_6_25_S3P_MushroomDLC_Resnet50_DLC-WhiteAnimalsJul23shuffle1_snapshot_060_filtered.csv,10,
49,ToyLight_8_7_25_S1Y_Spinach.mp4,30016,25.0,1200.64,360,288,white,ToyLight,2025-08-07,Spinach,saline,,3,data/DlcDataPytorchFiltered/WhiteAnimals10X/ToyLight/ToyLight_8_7_25_S1Y_SpinachDLC_Resnet50_DLC-WhiteAnimalsJul23shuffle1_snapshot_060_filtered.csv,10,
50,ToyLight_8_6_25_S1P_Carrot.mp4,30016,25.0,1200.64,360,288,white,ToyLight,2025-08-06,Carrot,ghrelin,,1,data/DlcDataPytorchFiltered/WhiteAnimals10X/ToyLight/ToyLight_8_6_25_S1P_CarrotDLC_Resnet50_DLC-WhiteAnimalsJul23shuffle1_snapshot_060_filtered.csv,10,
51,ToyLight_8_7_25_S3Y_Squash.mp4,30016,25.0,1200.64,360,288,white,ToyLight,2025-08-07,Squash,saline,,4,data/DlcDataPytorchFiltered/WhiteAnimals10X/ToyLight/ToyLight_8_7_25_S3Y_SquashDLC_Resnet50_DLC-WhiteAnimalsJul23shuffle1_snapshot_060_filtered.csv,10,
52,ToyLight_8_7_25_S3Y_Potato.mp4,30016,25.0,1200.64,360,288,white,ToyLight,2025-08-07,Potato,saline,,3,data/DlcDataPytorchFiltered/WhiteAnimals10X/ToyLight/ToyLight_8_7_25_S3Y_PotatoDLC_Resnet50_DLC-WhiteAnimalsJul23shuffle1_snapshot_060_filtered.csv,10,
53,ToyLight_8_6_25_S2P_Guava.mp4,30019,25.0,1200.76,360,288,white,ToyLight,2025-08-06,Guava,ghrelin,,3,data/DlcDataPytorchFiltered/WhiteAnimals10X/ToyLight/ToyLight_8_6_25_S2P_GuavaDLC_Resnet50_DLC-WhiteAnimalsJul23shuffle1_snapshot_060_filtered.csv,10,
54,ToyLight_8_6_25_S3P_Peach.mp4,30015,25.0,1200.6,360,288,white,ToyLight,2025-08-06,Peach,ghrelin,,1,data/DlcDataPytorchFiltered/WhiteAnimals10X/ToyLight/ToyLight_8_6_25_S3P_PeachDLC_Resnet50_DLC-WhiteAnimalsJul23shuffle1_snapshot_060_filtered.csv,10,
55,MazeOnly_7_23_25_S1Y_Squash.mp4,30018,25.0,1200.72,360,288,white,MazeOnly,2025-07-23,Squash,saline,,4,data/DlcDataPytorchFiltered/WhiteAnimals10X/MazeOnly/MazeOnly_7_23_25_S1Y_SquashDLC_Resnet50_DLC-WhiteAnimalsJul23shuffle1_snapshot_060_filtered.csv,10,
56,MazeOnly_7_23_25_S2Y_Celery.mp4,30016,25.0,1200.64,360,288,white,MazeOnly,2025-07-23,Celery,saline,,1,data/DlcDataPytorchFiltered/WhiteAnimals10X/MazeOnly/MazeOnly_7_23_25_S2Y_CeleryDLC_Resnet50_DLC-WhiteAnimalsJul23shuffle1_snapshot_060_filtered.csv,10,
57,MazeOnly_7_24_25_S2P_Kiwi.mp4,30016,25.0,1200.64,360,288,white,MazeOnly,2025-07-24,Kiwi,ghrelin,,2,data/DlcDataPytorchFiltered/WhiteAnimals10X/MazeOnly/MazeOnly_7_24_25_S2P_KiwiDLC_Resnet50_DLC-WhiteAnimalsJul23shuffle1_snapshot_060_filtered.csv,10,
58,MazeOnly_7_23_25_S1Y_Potato.mp4,30018,25.0,1200.72,360,288,white,MazeOnly,2025-07-23,Potato,saline,,3,data/DlcDataPytorchFiltered/WhiteAnimals10X/MazeOnly/MazeOnly_7_23_25_S1Y_PotatoDLC_Resnet50_DLC-WhiteAnimalsJul23shuffle1_snapshot_060_filtered.csv,10,
59,MazeOnly_7_24_25_S1P_Kale.mp4,30016,25.0,1200.64,360,288,white,MazeOnly,2025-07-24,Kale,ghrelin,,3,data/DlcDataPytorchFiltered/WhiteAnimals10X/MazeOnly/MazeOnly_7_24_25_S1P_KaleDLC_Resnet50_DLC-WhiteAnimalsJul23shuffle1_snapshot_060_filtered.csv,10,
60,MazeOnly_7_24_25_S3P_Tomato.mp4,30017,25.0,1200.68,360,288,white,MazeOnly,2025-07-24,Tomato,ghrelin,,4,data/DlcDataPytorchFiltered/WhiteAnimals10X/MazeOnly/MazeOnly_7_24_25_S3P_TomatoDLC_Resnet50_DLC-WhiteAnimalsJul23shuffle1_snapshot_060_filtered.csv,10,
61,MazeOnly_7_24_25_S3P_Berry.mp4,30017,25.0,1200.68,360,288,white,MazeOnly,2025-07-24,Berry,ghrelin,,2,data/DlcDataPytorchFiltered/WhiteAnimals10X/MazeOnly/MazeOnly_7_24_25_S3P_BerryDLC_Resnet50_DLC-WhiteAnimalsJul23shuffle1_snapshot_060_filtered.csv,10,
62,MazeOnly_7_23_25_S3Y_Melon.mp4,30017,25.0,1200.68,360,288,white,MazeOnly,2025-07-23,Melon,saline,,1,data/DlcDataPytorchFiltered/WhiteAnimals10X/MazeOnly/MazeOnly_7_23_25_S3Y_MelonDLC_Resnet50_DLC-WhiteAnimalsJul23shuffle1_snapshot_060_filtered.csv,10,
63,MazeOnly_7_23_25_S2Y_Spinach.mp4,30016,25.0,1200.64,360,288,white,MazeOnly,2025-07-23,Spinach,saline,,3,data/DlcDataPytorchFiltered/WhiteAnimals10X/MazeOnly/MazeOnly_7_23_25_S2Y_SpinachDLC_Resnet50_DLC-WhiteAnimalsJul23shuffle1_snapshot_060_filtered.csv,10,
64,MazeOnly_7_23_25_S3Y_Apple.mp4,30017,25.0,1200.68,360,288,white,MazeOnly,2025-07-23,Apple,saline,,2,data/DlcDataPytorchFiltered/WhiteAnimals10X/MazeOnly/MazeOnly_7_23_25_S3Y_AppleDLC_Resnet50_DLC-WhiteAnimalsJul23shuffle1_snapshot_060_filtered.csv,10,
65,MazeOnly_7_23_25_S2Y_Broccoli.mp4,30016,25.0,1200.64,360,288,white,MazeOnly,2025-07-23,Broccoli,saline,,2,data/DlcDataPytorchFiltered/WhiteAnimals10X/MazeOnly/MazeOnly_7_23_25_S2Y_BroccoliDLC_Resnet50_DLC-WhiteAnimalsJul23shuffle1_snapshot_060_filtered.csv,10,
66,MazeOnly_7_23_25_S1Y_Cherry.mp4,30018,25.0,1200.72,360,288,white,MazeOnly,2025-07-23,Cherry,saline,,2,data/DlcDataPytorchFiltered/WhiteAnimals10X/MazeOnly/MazeOnly_7_23_25_S1Y_CherryDLC_Resnet50_DLC-WhiteAnimalsJul23shuffle1_snapshot_060_filtered.csv,10,
67,MazeOnly_7_24_25_S3P_Peach.mp4,30017,25.0,1200.68,360,288,white,MazeOnly,2025-07-24,Peach,ghrelin,,1,data/DlcDataPytorchFiltered/WhiteAnimals10X/MazeOnly/MazeOnly_7_24_25_S3P_PeachDLC_Resnet50_DLC-WhiteAnimalsJul23shuffle1_snapshot_060_filtered.csv,10,
68,MazeOnly_7_24_25_S1P_Carrot.mp4,30016,25.0,1200.64,360,288,white,MazeOnly,2025-07-24,Carrot,ghrelin,,1,data/DlcDataPytorchFiltered/WhiteAnimals10X/MazeOnly/MazeOnly_7_24_25_S1P_CarrotDLC_Resnet50_DLC-WhiteAnimalsJul23shuffle1_snapshot_060_filtered.csv,10,
69,MazeOnly_7_24_25_S2P_Guava.mp4,30016,25.0,1200.64,360,288,white,MazeOnly,2025-07-24,Guava,ghrelin,,3,data/DlcDataPytorchFiltered/WhiteAnimals10X/MazeOnly/MazeOnly_7_24_25_S2P_GuavaDLC_Resnet50_DLC-WhiteAnimalsJul23shuffle1_snapshot_060_filtered.csv,10,
70,MazeOnly_7_24_25_S1P_Cauliflower.mp4,30016,25.0,1200.64,360,288,white,MazeOnly,2025-07-24,Cauliflower,ghrelin,,2,data/DlcDataPytorchFiltered/WhiteAnimals10X/MazeOnly/MazeOnly_7_24_25_S1P_CauliflowerDLC_Resnet50_DLC-WhiteAnimalsJul23shuffle1_snapshot_060_filtered.csv,10,
71,MazeOnly_7_24_25_S3P_Mushroom.mp4,30017,25.0,1200.68,360,288,white,MazeOnly,2025-07-24,Mushroom,ghrelin,,3,data/DlcDataPytorchFiltered/WhiteAnimals10X/MazeOnly/MazeOnly_7_24_25_S3P_MushroomDLC_Resnet50_DLC-WhiteAnimalsJul23shuffle1_snapshot_060_filtered.csv,10,
72,MazeOnly_7_23_25_S1Y_Mango.mp4,30018,25.0,1200.72,360,288,white,MazeOnly,2025-07-23,Mango,saline,,1,data/DlcDataPytorchFiltered/WhiteAnimals10X/MazeOnly/MazeOnly_7_23_25_S1Y_MangoDLC_Resnet50_DLC-WhiteAnimalsJul23shuffle1_snapshot_060_filtered.csv,10,
73,MazeOnly_7_24_25_S2P_Fig.mp4,30016,25.0,1200.64,360,288,white,MazeOnly,2025-07-24,Fig,ghrelin,,1,data/DlcDataPytorchFiltered/WhiteAnimals10X/MazeOnly/MazeOnly_7_24_25_S2P_FigDLC_Resnet50_DLC-WhiteAnimalsJul23shuffle1_snapshot_060_filtered.csv,10,
74,FoodLight_8_4_25_S3P_Berry.mp4,30020,25.0,1200.8,360,288,white,FoodLight,2025-08-04,Berry,ghrelin,,2,data/DlcDataPytorchFiltered/WhiteAnimals10X/FoodLight/FoodLight_8_4_25_S3P_BerryDLC_Resnet50_DLC-WhiteAnimalsJul23shuffle1_snapshot_060_filtered.csv,10,
75,FoodLight_8_5_25_S3Y_Squash.mp4,30017,25.0,1200.68,360,288,white,FoodLight,2025-08-05,Squash,saline,,4,data/DlcDataPytorchFiltered/WhiteAnimals10X/FoodLight/FoodLight_8_5_25_S3Y_SquashDLC_Resnet50_DLC-WhiteAnimalsJul23shuffle1_snapshot_060_filtered.csv,10,
76,FoodLight_8_5_25_S2Y_Melon.mp4,30016,25.0,1200.64,360,288,white,FoodLight,2025-08-05,Melon,saline,,1,data/DlcDataPytorchFiltered/WhiteAnimals10X/FoodLight/FoodLight_8_5_25_S2Y_MelonDLC_Resnet50_DLC-WhiteAnimalsJul23shuffle1_snapshot_060_filtered.csv,10,
77,FoodLight_8_4_25_S1P_Carrot.mp4,30017,25.0,1200.68,360,288,white,FoodLight,2025-08-04,Carrot,ghrelin,,1,data/DlcDataPytorchFiltered/WhiteAnimals10X/FoodLight/FoodLight_8_4_25_S1P_CarrotDLC_Resnet50_DLC-WhiteAnimalsJul23shuffle1_snapshot_060_filtered.csv,10,
78,FoodLight_8_5_25_S3Y_Potato.mp4,30017,25.0,1200.68,360,288,white,FoodLight,2025-08-05,Potato,saline,,3,data/DlcDataPytorchFiltered/WhiteAnimals10X/FoodLight/FoodLight_8_5_25_S3Y_PotatoDLC_Resnet50_DLC-WhiteAnimalsJul23shuffle1_snapshot_060_filtered.csv,10,
79,FoodLight_8_5_25_S1Y_Spinach.mp4,30015,25.0,1200.6,360,288,white,FoodLight,2025-08-05,Spinach,saline,,3,data/DlcDataPytorchFiltered/WhiteAnimals10X/FoodLight/FoodLight_8_5_25_S1Y_SpinachDLC_Resnet50_DLC-WhiteAnimalsJul23shuffle1_snapshot_060_filtered.csv,10,
80,FoodLight_8_5_25_S2Y_Apple.mp4,30016,25.0,1200.64,360,288,white,FoodLight,2025-08-05,Apple,saline,,2,data/DlcDataPytorchFiltered/WhiteAnimals10X/FoodLight/FoodLight_8_5_25_S2Y_AppleDLC_Resnet50_DLC-WhiteAnimalsJul23shuffle1_snapshot_060_filtered.csv,10,
81,FoodLight_8_4_25_S3P_Mushroom.mp4,30020,25.0,1200.8,360,288,white,FoodLight,2025-08-04,Mushroom,ghrelin,,3,data/DlcDataPytorchFiltered/WhiteAnimals10X/FoodLight/FoodLight_8_4_25_S3P_MushroomDLC_Resnet50_DLC-WhiteAnimalsJul23shuffle1_snapshot_060_filtered.csv,10,
82,FoodLight_8_5_25_S3Y_Mango.mp4,30017,25.0,1200.68,360,288,white,FoodLight,2025-08-05,Mango,saline,,1,data/DlcDataPytorchFiltered/WhiteAnimals10X/FoodLight/FoodLight_8_5_25_S3Y_MangoDLC_Resnet50_DLC-WhiteAnimalsJul23shuffle1_snapshot_060_filtered.csv,10,
83,FoodLight_8_4_25_S1P_Cauliflower.mp4,30017,25.0,1200.68,360,288,white,FoodLight,2025-08-04,Cauliflower,ghrelin,,2,data/DlcDataPytorchFiltered/WhiteAnimals10X/FoodLight/FoodLight_8_4_25_S1P_CauliflowerDLC_Resnet50_DLC-WhiteAnimalsJul23shuffle1_snapshot_060_filtered.csv,10,
84,FoodLight_8_4_25_S2P_Guava.mp4,30016,25.0,1200.64,360,288,white,FoodLight,2025-08-04,Guava,ghrelin,,3,data/DlcDataPytorchFiltered/WhiteAnimals10X/FoodLight/FoodLight_8_4_25_S2P_GuavaDLC_Resnet50_DLC-WhiteAnimalsJul23shuffle1_snapshot_060_filtered.csv,10,
85,FoodLight_8_5_25_S3Y_Cherry.mp4,30017,25.0,1200.68,360,288,white,FoodLight,2025-08-05,Cherry,saline,,2,data/DlcDataPytorchFiltered/WhiteAnimals10X/FoodLight/FoodLight_8_5_25_S3Y_CherryDLC_Resnet50_DLC-WhiteAnimalsJul23shuffle1_snapshot_060_filtered.csv,10,
86,FoodLight_8_5_25_S1Y_Celery.mp4,30015,25.0,1200.6,360,288,white,FoodLight,2025-08-05,Celery,saline,,1,data/DlcDataPytorchFiltered/WhiteAnimals10X/FoodLight/FoodLight_8_5_25_S1Y_CeleryDLC_Resnet50_DLC-WhiteAnimalsJul23shuffle1_snapshot_060_filtered.csv,10,
87,FoodLight_8_4_25_S2P_Fig.mp4,30016,25.0,1200.64,360,288,white,FoodLight,2025-08-04,Fig,ghrelin,,1,data/DlcDataPytorchFiltered/WhiteAnimals10X/FoodLight/FoodLight_8_4_25_S2P_FigDLC_Resnet50_DLC-WhiteAnimalsJul23shuffle1_snapshot_060_filtered.csv,10,
88,FoodLight_8_4_25_S1P_Kale.mp4,30017,25.0,1200.68,360,288,white,FoodLight,2025-08-04,Kale,ghrelin,,3,data/DlcDataPytorchFiltered/WhiteAnimals10X/FoodLight/FoodLight_8_4_25_S1P_KaleDLC_Resnet50_DLC-WhiteAnimalsJul23shuffle1_snapshot_060_filtered.csv,10,
89,FoodLight_8_5_25_S1Y_Broccoli.mp4,30015,25.0,1200.6,360,288,white,FoodLight,2025-08-05,Broccoli,saline,,2,data/DlcDataPytorchFiltered/WhiteAnimals10X/FoodLight/FoodLight_8_5_25_S1Y_BroccoliDLC_Resnet50_DLC-WhiteAnimalsJul23shuffle1_snapshot_060_filtered.csv,10,
90,FoodLight_8_4_25_S3P_Peach.mp4,30020,25.0,1200.8,360,288,white,FoodLight,2025-08-04,Peach,ghrelin,,1,data/DlcDataPytorchFiltered/WhiteAnimals10X/FoodLight/FoodLight_8_4_25_S3P_PeachDLC_Resnet50_DLC-WhiteAnimalsJul23shuffle1_snapshot_060_filtered.csv,10,
91,FoodLight_8_4_25_S2P_Kiwi.mp4,30016,25.0,1200.64,360,288,white,FoodLight,2025-08-04,Kiwi,ghrelin,,2,data/DlcDataPytorchFiltered/WhiteAnimals10X/FoodLight/FoodLight_8_4_25_S2P_KiwiDLC_Resnet50_DLC-WhiteAnimalsJul23shuffle1_snapshot_060_filtered.csv,10,
92,FoodLight_8_4_25_S3P_Tomato.mp4,30020,25.0,1200.8,360,288,white,FoodLight,2025-08-04,Tomato,ghrelin,,4,data/DlcDataPytorchFiltered/WhiteAnimals10X/FoodLight/FoodLight_8_4_25_S3P_TomatoDLC_Resnet50_DLC-WhiteAnimalsJul23shuffle1_snapshot_060_filtered.csv,10,
93,ToyOnly_8_1_25_S3P_Mushroom.mp4,30016,25.0,1200.64,360,288,white,ToyOnly,2025-08-01,Mushroom,ghrelin,,3,data/DlcDataPytorchFiltered/WhiteAnimals10X/ToyOnly/ToyOnly_8_1_25_S3P_MushroomDLC_Resnet50_DLC-WhiteAnimalsJul23shuffle1_snapshot_060_filtered.csv,10,
94,ToyOnly_8_1_25_S3P_Tomato.mp4,30016,25.0,1200.64,360,288,white,ToyOnly,2025-08-01,Tomato,ghrelin,,4,data/DlcDataPytorchFiltered/WhiteAnimals10X/ToyOnly/ToyOnly_8_1_25_S3P_TomatoDLC_Resnet50_DLC-WhiteAnimalsJul23shuffle1_snapshot_060_filtered.csv,10,
95,ToyOnly_8_1_25_S2P_Guava.mp4,30016,25.0,1200.64,360,288,white,ToyOnly,2025-08-01,Guava,ghrelin,,3,data/DlcDataPytorchFiltered/WhiteAnimals10X/ToyOnly/ToyOnly_8_1_25_S2P_GuavaDLC_Resnet50_DLC-WhiteAnimalsJul23shuffle1_snapshot_060_filtered.csv,10,
96,ToyOnly_7_31_25_S3Y_Cherry.mp4,30016,25.0,1200.64,360,288,white,ToyOnly,2025-07-31,Cherry,saline,,2,data/DlcDataPytorchFiltered/WhiteAnimals10X/ToyOnly/ToyOnly_7_31_25_S3Y_CherryDLC_Resnet50_DLC-WhiteAnimalsJul23shuffle1_snapshot_060_filtered.csv,10,
97,ToyOnly_8_1_25_S2P_Fig.mp4,30016,25.0,1200.64,360,288,white,ToyOnly,2025-08-01,Fig,ghrelin,,1,data/DlcDataPytorchFiltered/WhiteAnimals10X/ToyOnly/ToyOnly_8_1_25_S2P_FigDLC_Resnet50_DLC-WhiteAnimalsJul23shuffle1_snapshot_060_filtered.csv,10,
98,ToyOnly_7_31_25_S1Y_Celery.mp4,30018,25.0,1200.72,360,288,white,ToyOnly,2025-07-31,Celery,saline,,1,data/DlcDataPytorchFiltered/WhiteAnimals10X/ToyOnly/ToyOnly_7_31_25_S1Y_CeleryDLC_Resnet50_DLC-WhiteAnimalsJul23shuffle1_snapshot_060_filtered.csv,10,
99,ToyOnly_8_1_25_S2P_Kiwi.mp4,30016,25.0,1200.64,360,288,white,ToyOnly,2025-08-01,Kiwi,ghrelin,,2,data/DlcDataPytorchFiltered/WhiteAnimals10X/ToyOnly/ToyOnly_8_1_25_S2P_KiwiDLC_Resnet50_DLC-WhiteAnimalsJul23shuffle1_snapshot_060_filtered.csv,10,
100,ToyOnly_8_1_25_S1P_Kale.mp4,30018,25.0,1200.72,360,288,white,ToyOnly,2025-08-01,Kale,ghrelin,,3,data/DlcDataPytorchFiltered/WhiteAnimals10X/ToyOnly/ToyOnly_8_1_25_S1P_KaleDLC_Resnet50_DLC-WhiteAnimalsJul23shuffle1_snapshot_060_filtered.csv,10,
101,ToyOnly_8_1_25_S3P_Peach.mp4,30016,25.0,1200.64,360,288,white,ToyOnly,2025-08-01,Peach,ghrelin,,2,data/DlcDataPytorchFiltered/WhiteAnimals10X/ToyOnly/ToyOnly_8_1_25_S3P_PeachDLC_Resnet50_DLC-WhiteAnimalsJul23shuffle1_snapshot_060_filtered.csv,10,
102,ToyOnly_7_31_25_S3Y_Squash.mp4,30016,25.0,1200.64,360,288,white,ToyOnly,2025-07-31,Squash,saline,,4,data/DlcDataPytorchFiltered/WhiteAnimals10X/ToyOnly/ToyOnly_7_31_25_S3Y_SquashDLC_Resnet50_DLC-WhiteAnimalsJul23shuffle1_snapshot_060_filtered.csv,10,
103,ToyOnly_8_1_25_S3P_Berry.mp4,30016,25.0,1200.64,360,288,white,ToyOnly,2025-08-01,Berry,ghrelin,,1,data/DlcDataPytorchFiltered/WhiteAnimals10X/ToyOnly/ToyOnly_8_1_25_S3P_BerryDLC_Resnet50_DLC-WhiteAnimalsJul23shuffle1_snapshot_060_filtered.csv,10,
104,ToyOnly_7_31_25_S3Y_Potato.mp4,30016,25.0,1200.64,360,288,white,ToyOnly,2025-07-31,Potato,saline,,3,data/DlcDataPytorchFiltered/WhiteAnimals10X/ToyOnly/ToyOnly_7_31_25_S3Y_PotatoDLC_Resnet50_DLC-WhiteAnimalsJul23shuffle1_snapshot_060_filtered.csv,10,
105,ToyOnly_7_31_25_S1Y_Broccoli.mp4,30018,25.0,1200.72,360,288,white,ToyOnly,2025-07-31,Broccoli,saline,,2,data/DlcDataPytorchFiltered/WhiteAnimals10X/ToyOnly/ToyOnly_7_31_25_S1Y_BroccoliDLC_Resnet50_DLC-WhiteAnimalsJul23shuffle1_snapshot_060_filtered.csv,10,
106,ToyOnly_8_1_25_S1P_Cauliflower.mp4,30018,25.0,1200.72,360,288,white,ToyOnly,2025-08-01,Cauliflower,ghrelin,,2,data/DlcDataPytorchFiltered/WhiteAnimals10X/ToyOnly/ToyOnly_8_1_25_S1P_CauliflowerDLC_Resnet50_DLC-WhiteAnimalsJul23shuffle1_snapshot_060_filtered.csv,10,
107,ToyOnly_7_31_25_S3Y_Mango.mp4,30016,25.0,1200.64,360,288,white,ToyOnly,2025-07-31,Mango,saline,,1,data/DlcDataPytorchFiltered/WhiteAnimals10X/ToyOnly/ToyOnly_7_31_25_S3Y_MangoDLC_Resnet50_DLC-WhiteAnimalsJul23shuffle1_snapshot_060_filtered.csv,10,
108,ToyOnly_7_31_25_S2Y_Apple.mp4,30016,25.0,1200.64,360,288,white,ToyOnly,2025-07-31,Apple,saline,,2,data/DlcDataPytorchFiltered/WhiteAnimals10X/ToyOnly/ToyOnly_7_31_25_S2Y_AppleDLC_Resnet50_DLC-WhiteAnimalsJul23shuffle1_snapshot_060_filtered.csv,10,
109,ToyOnly_8_1_25_S1P_Carrot.mp4,30018,25.0,1200.72,360,288,white,ToyOnly,2025-08-01,Carrot,ghrelin,,1,data/DlcDataPytorchFiltered/WhiteAnimals10X/ToyOnly/ToyOnly_8_1_25_S1P_CarrotDLC_Resnet50_DLC-WhiteAnimalsJul23shuffle1_snapshot_060_filtered.csv,10,
110,ToyOnly_7_31_25_S2Y_Melon.mp4,30016,25.0,1200.64,360,288,white,ToyOnly,2025-07-31,Melon,saline,,1,data/DlcDataPytorchFiltered/WhiteAnimals10X/ToyOnly/ToyOnly_7_31_25_S2Y_MelonDLC_Resnet50_DLC-WhiteAnimalsJul23shuffle1_snapshot_060_filtered.csv,10,
111,ToyOnly_7_31_25_S1Y_Spinach.mp4,30018,25.0,1200.72,360,288,white,ToyOnly,2025-07-31,Spinach,saline,,3,data/DlcDataPytorchFiltered/WhiteAnimals10X/ToyOnly/ToyOnly_7_31_25_S1Y_SpinachDLC_Resnet50_DLC-WhiteAnimalsJul23shuffle1_snapshot_060_filtered.csv,10,
112,FoodOnlyExcitatory_3_3_25_S3Y_Roy.mp4,30015,25.0,1200.6,360,288,white,FoodOnly,2025-03-03,Roy,saline,Excitatory,1,data/DlcDataPytorchFiltered/WhiteAnimals2X/FoodOnly/FoodOnlyExcitatory_3_3_25_S3Y_RoyDLC_Resnet50_DLC-WhiteAnimalsJul23shuffle1_snapshot_060_filtered.csv,2,
113,FoodOnly_2_12_25_S2P_LA.mp4,30020,25.0,1200.8,360,288,white,FoodOnly,2025-02-12,LA,ghrelin,,1,data/DlcDataPytorchFiltered/WhiteAnimals2X/FoodOnly/FoodOnly_2_12_25_S2P_LADLC_Resnet50_DLC-WhiteAnimalsJul23shuffle1_snapshot_060_filtered.csv,2,
114,FoodOnly_2_11_25_S3Y_Nairobi.mp4,30017,25.0,1200.68,360,288,white,FoodOnly,2025-02-11,Nairobi,saline,,2,data/DlcDataPytorchFiltered/WhiteAnimals2X/FoodOnly/FoodOnly_2_11_25_S3Y_NairobiDLC_Resnet50_DLC-WhiteAnimalsJul23shuffle1_snapshot_060_filtered.csv,2,
115,FoodOnlyInhibitory_2_13_25_S4P_P.mp4,30016,25.0,1200.64,360,288,white,FoodOnly,2025-02-13,P,ghrelin,Inhibitory,2,data/DlcDataPytorchFiltered/WhiteAnimals2X/FoodOnly/FoodOnlyInhibitory_2_13_25_S4P_PDLC_Resnet50_DLC-WhiteAnimalsJul23shuffle1_snapshot_060_filtered.csv,2,
116,FoodOnly_2_12_25_S4P_9.mp4,30015,25.0,1200.6,360,288,white,FoodOnly,2025-02-12,9,ghrelin,,3,data/DlcDataPytorchFiltered/WhiteAnimals2X/FoodOnly/FoodOnly_2_12_25_S4P_9DLC_Resnet50_DLC-WhiteAnimalsJul23shuffle1_snapshot_060_filtered.csv,2,
117,FoodOnlyInhibitory_2_13_25_S4P_Q.mp4,30016,25.0,1200.64,360,288,white,FoodOnly,2025-02-13,Q,ghrelin,Inhibitory,3,data/DlcDataPytorchFiltered/WhiteAnimals2X/FoodOnly/FoodOnlyInhibitory_2_13_25_S4P_QDLC_Resnet50_DLC-WhiteAnimalsJul23shuffle1_snapshot_060_filtered.csv,2,
118,FoodOnlyInhibitory_2_13_25_S3P_O.mp4,30016,25.0,1200.64,360,288,white,FoodOnly,2025-02-13,O,ghrelin,Inhibitory,4,data/DlcDataPytorchFiltered/WhiteAnimals2X/FoodOnly/FoodOnlyInhibitory_2_13_25_S3P_ODLC_Resnet50_DLC-WhiteAnimalsJul23shuffle1_snapshot_060_filtered.csv,2,
119,FoodOnly_2_12_25_S3P_NewOrleans.mp4,30017,25.0,1200.68,360,288,white,FoodOnly,2025-02-12,NewOrleans,ghrelin,,3,data/DlcDataPytorchFiltered/WhiteAnimals2X/FoodOnly/FoodOnly_2_12_25_S3P_NewOrleansDLC_Resnet50_DLC-WhiteAnimalsJul23shuffle1_snapshot_060_filtered.csv,2,
120,FoodOnly_2_11_25_S1Y_Berlin.mp4,30014,25.0,1200.56,180,144,white,FoodOnly,2025-02-11,Berlin,saline,,4,data/DlcDataPytorchFiltered/WhiteAnimals2X/FoodOnly/FoodOnly_2_11_25_S1Y_BerlinDLC_Resnet50_DLC-WhiteAnimalsJul23shuffle1_snapshot_060_filtered.csv,2,
121,FoodOnlyExcitatory_3_3_25_S1Y_Grumpy.mp4,30017,25.0,1200.68,360,288,white,FoodOnly,2025-03-03,Grumpy,saline,Excitatory,2,data/DlcDataPytorchFiltered/WhiteAnimals2X/FoodOnly/FoodOnlyExcitatory_3_3_25_S1Y_GrumpyDLC_Resnet50_DLC-WhiteAnimalsJul23shuffle1_snapshot_060_filtered.csv,2,
122,FoodOnly_2_12_25_S4P_NewJersey.mp4,30015,25.0,1200.6,360,288,white,FoodOnly,2025-02-12,NewJersey,ghrelin,,2,data/DlcDataPytorchFiltered/WhiteAnimals2X/FoodOnly/FoodOnly_2_12_25_S4P_NewJerseyDLC_Resnet50_DLC-WhiteAnimalsJul23shuffle1_snapshot_060_filtered.csv,2,
123,FoodOnly_2_12_25_S2P_Chicago.mp4,30020,25.0,1200.8,360,288,white,FoodOnly,2025-02-12,Chicago,ghrelin,,3,data/DlcDataPytorchFiltered/WhiteAnimals2X/FoodOnly/FoodOnly_2_12_25_S2P_ChicagoDLC_Resnet50_DLC-WhiteAnimalsJul23shuffle1_snapshot_060_filtered.csv,2,
124,FoodOnlyInhibitory_2_13_25_S3P_I.mp4,30016,25.0,1200.64,360,288,white,FoodOnly,2025-02-13,I,ghrelin,Inhibitory,1,data/DlcDataPytorchFiltered/WhiteAnimals2X/FoodOnly/FoodOnlyInhibitory_2_13_25_S3P_IDLC_Resnet50_DLC-WhiteAnimalsJul23shuffle1_snapshot_060_filtered.csv,2,
125,FoodOnly_2_12_25_S3P_Ruidoso.mp4,30017,25.0,1200.68,360,288,white,FoodOnly,2025-02-12,Ruidoso,ghrelin,,2,data/DlcDataPytorchFiltered/WhiteAnimals2X/FoodOnly/FoodOnly_2_12_25_S3P_RuidosoDLC_Resnet50_DLC-WhiteAnimalsJul23shuffle1_snapshot_060_filtered.csv,2,
126,FoodOnlyInhibitory_2_13_25_S3P_K.mp4,30016,25.0,1200.64,360,288,white,FoodOnly,2025-02-13,K,ghrelin,Inhibitory,3,data/DlcDataPytorchFiltered/WhiteAnimals2X/FoodOnly/FoodOnlyInhibitory_2_13_25_S3P_KDLC_Resnet50_DLC-WhiteAnimalsJul23shuffle1_snapshot_060_filtered.csv,2,
127,FoodOnly_2_11_25_S3Y_Rome.mp4,30017,25.0,1200.68,360,288,white,FoodOnly,2025-02-11,Rome,saline,,3,data/DlcDataPytorchFiltered/WhiteAnimals2X/FoodOnly/FoodOnly_2_11_25_S3Y_RomeDLC_Resnet50_DLC-WhiteAnimalsJul23shuffle1_snapshot_060_filtered.csv,2,
128,FoodOnlyInhibitory_2_13_25_S3P_J.mp4,30016,25.0,1200.64,360,288,white,FoodOnly,2025-02-13,J,ghrelin,Inhibitory,2,data/DlcDataPytorchFiltered/WhiteAnimals2X/FoodOnly/FoodOnlyInhibitory_2_13_25_S3P_JDLC_Resnet50_DLC-WhiteAnimalsJul23shuffle1_snapshot_060_filtered.csv,2,
129,FoodOnlyInhibitory_2_13_25_S2P_E.mp4,30019,25.0,1200.76,360,288,white,FoodOnly,2025-02-13,E,ghrelin,Inhibitory,1,data/DlcDataPytorchFiltered/WhiteAnimals2X/FoodOnly/FoodOnlyInhibitory_2_13_25_S2P_EDLC_Resnet50_DLC-WhiteAnimalsJul23shuffle1_snapshot_060_filtered.csv,2,
130,FoodOnly_2_11_25_S1Y_Toronto.mp4,30014,25.0,1200.56,180,144,white,FoodOnly,2025-02-11,Toronto,saline,,3,data/DlcDataPytorchFiltered/WhiteAnimals2X/FoodOnly/FoodOnly_2_11_25_S1Y_TorontoDLC_Resnet50_DLC-WhiteAnimalsJul23shuffle1_snapshot_060_filtered.csv,2,
131,FoodOnly_2_12_25_S1P_FtWorth.mp4,30017,25.0,1200.68,360,288,white,FoodOnly,2025-02-12,FtWorth,ghrelin,,1,data/DlcDataPytorchFiltered/WhiteAnimals2X/FoodOnly/FoodOnly_2_12_25_S1P_FtWorthDLC_Resnet50_DLC-WhiteAnimalsJul23shuffle1_snapshot_060_filtered.csv,2,
132,FoodOnly_2_11_25_S4Y_Paris.mp4,30014,25.0,1200.56,360,288,white,FoodOnly,2025-02-11,Paris,saline,,1,data/DlcDataPytorchFiltered/WhiteAnimals2X/FoodOnly/FoodOnly_2_11_25_S4Y_ParisDLC_Resnet50_DLC-WhiteAnimalsJul23shuffle1_snapshot_060_filtered.csv,2,
133,FoodOnly_2_11_25_S4Y_London.mp4,30014,25.0,1200.56,360,288,white,FoodOnly,2025-02-11,London,saline,,2,data/DlcDataPytorchFiltered/WhiteAnimals2X/FoodOnly/FoodOnly_2_11_25_S4Y_LondonDLC_Resnet50_DLC-WhiteAnimalsJul23shuffle1_snapshot_060_filtered.csv,2,
134,FoodOnlyInhibitory_2_13_25_S2P_G.mp4,30019,25.0,1200.76,360,288,white,FoodOnly,2025-02-13,G,ghrelin,Inhibitory,3,data/DlcDataPytorchFiltered/WhiteAnimals2X/FoodOnly/FoodOnlyInhibitory_2_13_25_S2P_GDLC_Resnet50_DLC-WhiteAnimalsJul23shuffle1_snapshot_060_filtered.csv,2,
135,FoodOnly_2_12_25_S1P_Dallas.mp4,30017,25.0,1200.68,360,288,white,FoodOnly,2025-02-12,Dallas,ghrelin,,4,data/DlcDataPytorchFiltered/WhiteAnimals2X/FoodOnly/FoodOnly_2_12_25_S1P_DallasDLC_Resnet50_DLC-WhiteAnimalsJul23shuffle1_snapshot_060_filtered.csv,2,
136,FoodOnly_2_11_25_S3Y_Venice.mp4,30017,25.0,1200.68,360,288,white,FoodOnly,2025-02-11,Venice,saline,,4,data/DlcDataPytorchFiltered/WhiteAnimals2X/FoodOnly/FoodOnly_2_11_25_S3Y_VeniceDLC_Resnet50_DLC-WhiteAnimalsJul23shuffle1_snapshot_060_filtered.csv,2,
137,FoodOnly_2_11_25_S2Y_Waco.mp4,30015,25.0,1200.6,180,144,white,FoodOnly,2025-02-11,Waco,saline,,3,data/DlcDataPytorchFiltered/WhiteAnimals2X/FoodOnly/FoodOnly_2_11_25_S2Y_WacoDLC_Resnet50_DLC-WhiteAnimalsJul23shuffle1_snapshot_060_filtered.csv,2,
138,FoodOnly_2_11_25_S2Y_ElPaso.mp4,30015,25.0,1200.6,180,144,white,FoodOnly,2025-02-11,ElPaso,saline,,2,data/DlcDataPytorchFiltered/WhiteAnimals2X/FoodOnly/FoodOnly_2_11_25_S2Y_ElPasoDLC_Resnet50_DLC-WhiteAnimalsJul23shuffle1_snapshot_060_filtered.csv,2,
139,FoodOnlyExcitatory_3_3_25_S4Y_Ivy.mp4,30015,25.0,1200.6,360,288,white,FoodOnly,2025-03-03,Ivy,saline,Excitatory,1,data/DlcDataPytorchFiltered/WhiteAnimals2X/FoodOnly/FoodOnlyExcitatory_3_3_25_S4Y_IvyDLC_Resnet50_DLC-WhiteAnimalsJul23shuffle1_snapshot_060_filtered.csv,2,
140,FoodOnly_2_12_25_S2P_Seattle.mp4,30020,25.0,1200.8,360,288,white,FoodOnly,2025-02-12,Seattle,ghrelin,,2,data/DlcDataPytorchFiltered/WhiteAnimals2X/FoodOnly/FoodOnly_2_12_25_S2P_SeattleDLC_Resnet50_DLC-WhiteAnimalsJul23shuffle1_snapshot_060_filtered.csv,2,
141,FoodOnly_2_11_25_S1Y_Austin.mp4,30014,25.0,1200.56,180,144,white,FoodOnly,2025-02-11,Austin,saline,,1,data/DlcDataPytorchFiltered/WhiteAnimals2X/FoodOnly/FoodOnly_2_11_25_S1Y_AustinDLC_Resnet50_DLC-WhiteAnimalsJul23shuffle1_snapshot_060_filtered.csv,2,
142,FoodOnly_2_11_25_S1Y_Houston.mp4,30014,25.0,1200.56,180,144,white,FoodOnly,2025-02-11,Houston,saline,,2,data/DlcDataPytorchFiltered/WhiteAnimals2X/FoodOnly/FoodOnly_2_11_25_S1Y_HoustonDLC_Resnet50_DLC-WhiteAnimalsJul23shuffle1_snapshot_060_filtered.csv,2,
143,FoodOnlyExcitatory_3_3_25_S4Y_May.mp4,30015,25.0,1200.6,360,288,white,FoodOnly,2025-03-03,May,saline,Excitatory,2,data/DlcDataPytorchFiltered/WhiteAnimals2X/FoodOnly/FoodOnlyExcitatory_3_3_25_S4Y_MayDLC_Resnet50_DLC-WhiteAnimalsJul23shuffle1_snapshot_060_filtered.csv,2,
144,FoodOnlyInhibitory_2_13_25_S2P_L.mp4,30019,25.0,1200.76,360,288,white,FoodOnly,2025-02-13,L,ghrelin,Inhibitory,2,data/DlcDataPytorchFiltered/WhiteAnimals2X/FoodOnly/FoodOnlyInhibitory_2_13_25_S2P_LDLC_Resnet50_DLC-WhiteAnimalsJul23shuffle1_snapshot_060_filtered.csv,2,
145,FoodOnlyExcitatory_3_3_25_S2Y_Happy.mp4,30018,25.0,1200.72,360,288,white,FoodOnly,2025-03-03,Happy,saline,Excitatory,2,data/DlcDataPytorchFiltered/WhiteAnimals2X/FoodOnly/FoodOnlyExcitatory_3_3_25_S2Y_HappyDLC_Resnet50_DLC-WhiteAnimalsJul23shuffle1_snapshot_060_filtered.csv,2,
146,FoodOnly_2_11_25_S4Y_Phoenix.mp4,30014,25.0,1200.56,360,288,white,FoodOnly,2025-02-11,Phoenix,saline,,3,data/DlcDataPytorchFiltered/WhiteAnimals2X/FoodOnly/FoodOnly_2_11_25_S4Y_PhoenixDLC_Resnet50_DLC-WhiteAnimalsJul23shuffle1_snapshot_060_filtered.csv,2,
147,FoodOnlyExcitatory_3_3_25_S3Y_Sam.mp4,30015,25.0,1200.6,360,288,white,FoodOnly,2025-03-03,Sam,saline,Excitatory,2,data/DlcDataPytorchFiltered/WhiteAnimals2X/FoodOnly/FoodOnlyExcitatory_3_3_25_S3Y_SamDLC_Resnet50_DLC-WhiteAnimalsJul23shuffle1_snapshot_060_filtered.csv,2,
148,FoodOnlyExcitatory_3_3_25_S2Y_Sleepy.mp4,30018,25.0,1200.72,360,288,white,FoodOnly,2025-03-03,Sleepy,saline,Excitatory,3,data/DlcDataPytorchFiltered/WhiteAnimals2X/FoodOnly/FoodOnlyExcitatory_3_3_25_S2Y_SleepyDLC_Resnet50_DLC-WhiteAnimalsJul23shuffle1_snapshot_060_filtered.csv,2,
149,FoodOnly_2_12_25_S2P_LasCruces.mp4,30020,25.0,1200.8,360,288,white,FoodOnly,2025-02-12,LasCruces,ghrelin,,4,data/DlcDataPytorchFiltered/WhiteAnimals2X/FoodOnly/FoodOnly_2_12_25_S2P_LasCrucesDLC_Resnet50_DLC-WhiteAnimalsJul23shuffle1_snapshot_060_filtered.csv,2,
150,FoodOnlyExcitatory_3_3_25_S2Y_Bashful.mp4,30018,25.0,1200.72,360,288,white,FoodOnly,2025-03-03,Bashful,saline,Excitatory,1,data/DlcDataPytorchFiltered/WhiteAnimals2X/FoodOnly/FoodOnlyExcitatory_3_3_25_S2Y_BashfulDLC_Resnet50_DLC-WhiteAnimalsJul23shuffle1_snapshot_060_filtered.csv,2,
151,FoodOnlyExcitatory_3_3_25_S1Y_Dopey.mp4,30017,25.0,1200.68,360,288,white,FoodOnly,2025-03-03,Dopey,saline,Excitatory,1,data/DlcDataPytorchFiltered/WhiteAnimals2X/FoodOnly/FoodOnlyExcitatory_3_3_25_S1Y_DopeyDLC_Resnet50_DLC-WhiteAnimalsJul23shuffle1_snapshot_060_filtered.csv,2,
152,FoodOnlyInhibitory_2_13_25_S2P_H.mp4,30019,25.0,1200.76,360,288,white,FoodOnly,2025-02-13,H,ghrelin,Inhibitory,4,data/DlcDataPytorchFiltered/WhiteAnimals2X/FoodOnly/FoodOnlyInhibitory_2_13_25_S2P_HDLC_Resnet50_DLC-WhiteAnimalsJul23shuffle1_snapshot_060_filtered.csv,2,
153,FoodOnlyExcitatory_3_3_25_S1Y_Sneezy.mp4,30017,25.0,1200.68,360,288,white,FoodOnly,2025-03-03,Sneezy,saline,Excitatory,3,data/DlcDataPytorchFiltered/WhiteAnimals2X/FoodOnly/FoodOnlyExcitatory_3_3_25_S1Y_SneezyDLC_Resnet50_DLC-WhiteAnimalsJul23shuffle1_snapshot_060_filtered.csv,2,
154,FoodOnlyInhibitory_2_13_25_S1P_B.mp4,30017,25.0,1200.68,360,288,white,FoodOnly,2025-02-13,B,ghrelin,Inhibitory,2,data/DlcDataPytorchFiltered/WhiteAnimals2X/FoodOnly/FoodOnlyInhibitory_2_13_25_S1P_BDLC_Resnet50_DLC-WhiteAnimalsJul23shuffle1_snapshot_060_filtered.csv,2,
155,FoodOnly_2_12_25_S3P_Atlanta.mp4,30017,25.0,1200.68,360,288,white,FoodOnly,2025-02-12,Atlanta,ghrelin,,4,data/DlcDataPytorchFiltered/WhiteAnimals2X/FoodOnly/FoodOnly_2_12_25_S3P_AtlantaDLC_Resnet50_DLC-WhiteAnimalsJul23shuffle1_snapshot_060_filtered.csv,2,
156,FoodOnlyInhibitory_2_13_25_S1P_C.mp4,30017,25.0,1200.68,360,288,white,FoodOnly,2025-02-13,C,ghrelin,Inhibitory,3,data/DlcDataPytorchFiltered/WhiteAnimals2X/FoodOnly/FoodOnlyInhibitory_2_13_25_S1P_CDLC_Resnet50_DLC-WhiteAnimalsJul23shuffle1_snapshot_060_filtered.csv,2,
157,FoodOnly_2_12_25_S4P_10.mp4,30015,25.0,1200.6,360,288,white,FoodOnly,2025-02-12,10,ghrelin,,4,data/DlcDataPytorchFiltered/WhiteAnimals2X/FoodOnly/FoodOnly_2_12_25_S4P_10DLC_Resnet50_DLC-WhiteAnimalsJul23shuffle1_snapshot_060_filtered.csv,2,
158,FoodOnly_2_12_25_S1P_Orlando.mp4,30017,25.0,1200.68,360,288,white,FoodOnly,2025-02-12,Orlando,ghrelin,,2,data/DlcDataPytorchFiltered/WhiteAnimals2X/FoodOnly/FoodOnly_2_12_25_S1P_OrlandoDLC_Resnet50_DLC-WhiteAnimalsJul23shuffle1_snapshot_060_filtered.csv,2,
159,FoodOnlyInhibitory_2_13_25_S4P_M.mp4,30016,25.0,1200.64,360,288,white,FoodOnly,2025-02-13,M,ghrelin,Inhibitory,1,data/DlcDataPytorchFiltered/WhiteAnimals2X/FoodOnly/FoodOnlyInhibitory_2_13_25_S4P_MDLC_Resnet50_DLC-WhiteAnimalsJul23shuffle1_snapshot_060_filtered.csv,2,
160,FoodOnlyInhibitory_2_13_25_S1P_A.mp4,30017,25.0,1200.68,360,288,white,FoodOnly,2025-02-13,A,ghrelin,Inhibitory,1,data/DlcDataPytorchFiltered/WhiteAnimals2X/FoodOnly/FoodOnlyInhibitory_2_13_25_S1P_ADLC_Resnet50_DLC-WhiteAnimalsJul23shuffle1_snapshot_060_filtered.csv,2,
161,FoodOnly_2_11_25_S3Y_Lisbon.mp4,30017,25.0,1200.68,360,288,white,FoodOnly,2025-02-11,Lisbon,saline,,1,data/DlcDataPytorchFiltered/WhiteAnimals2X/FoodOnly/FoodOnly_2_11_25_S3Y_LisbonDLC_Resnet50_DLC-WhiteAnimalsJul23shuffle1_snapshot_060_filtered.csv,2,
162,FoodOnly_2_12_25_S3P_Tokyo.mp4,30017,25.0,1200.68,360,288,white,FoodOnly,2025-02-12,Tokyo,ghrelin,,1,data/DlcDataPytorchFiltered/WhiteAnimals2X/FoodOnly/FoodOnly_2_12_25_S3P_TokyoDLC_Resnet50_DLC-WhiteAnimalsJul23shuffle1_snapshot_060_filtered.csv,2,
163,FoodOnly_2_12_25_S1P_Tampa.mp4,30017,25.0,1200.68,360,288,white,FoodOnly,2025-02-12,Tampa,ghrelin,,3,data/DlcDataPytorchFiltered/WhiteAnimals2X/FoodOnly/FoodOnly_2_12_25_S1P_TampaDLC_Resnet50_DLC-WhiteAnimalsJul23shuffle1_snapshot_060_filtered.csv,2,
164,FoodOnlyExcitatory_3_3_25_S1Y_Doc.mp4,30017,25.0,1200.68,360,288,white,FoodOnly,2025-03-03,Doc,saline,Excitatory,4,data/DlcDataPytorchFiltered/WhiteAnimals2X/FoodOnly/FoodOnlyExcitatory_3_3_25_S1Y_DocDLC_Resnet50_DLC-WhiteAnimalsJul23shuffle1_snapshot_060_filtered.csv,2,
165,FoodOnly_2_12_25_S4P_NewYork.mp4,30015,25.0,1200.6,360,288,white,FoodOnly,2025-02-12,NewYork,ghrelin,,1,data/DlcDataPytorchFiltered/WhiteAnimals2X/FoodOnly/FoodOnly_2_12_25_S4P_NewYorkDLC_Resnet50_DLC-WhiteAnimalsJul23shuffle1_snapshot_060_filtered.csv,2,
166,FoodOnly_2_11_25_S2Y_Denver.mp4,30015,25.0,1200.6,180,144,white,FoodOnly,2025-02-11,Denver,saline,,1,data/DlcDataPytorchFiltered/WhiteAnimals2X/FoodOnly/FoodOnly_2_11_25_S2Y_DenverDLC_Resnet50_DLC-WhiteAnimalsJul23shuffle1_snapshot_060_filtered.csv,2,
167,FoodOnlyInhibitory_2_13_25_S1P_F.mp4,30017,25.0,1200.68,360,288,white,FoodOnly,2025-02-13,F,ghrelin,Inhibitory,4,data/DlcDataPytorchFiltered/WhiteAnimals2X/FoodOnly/FoodOnlyInhibitory_2_13_25_S1P_FDLC_Resnet50_DLC-WhiteAnimalsJul23shuffle1_snapshot_060_filtered.csv,2,
168,LightOnlyInhibitory_3_19_25_S3P_I.mp4,30018,25.0,1200.72,360,288,white,LightOnly,2025-03-19,I,ghrelin,Inhibitory,1,data/DlcDataPytorchFiltered/WhiteAnimals2X/LightOnly/LightOnlyInhibitory_3_19_25_S3P_IDLC_Resnet50_DLC-WhiteAnimalsJul23shuffle1_snapshot_060_filtered.csv,2,
169,LightOnlyExcitatory_3_5_25_S3Y_Roy.mp4,30017,25.0,1200.68,360,288,white,LightOnly,2025-03-05,Roy,saline,Excitatory,1,data/DlcDataPytorchFiltered/WhiteAnimals2X/LightOnly/LightOnlyExcitatory_3_5_25_S3Y_RoyDLC_Resnet50_DLC-WhiteAnimalsJul23shuffle1_snapshot_060_filtered.csv,2,
170,LightOnlyInhibitory_3_19_25_S3P_J.mp4,30018,25.0,1200.72,360,288,white,LightOnly,2025-03-19,J,ghrelin,Inhibitory,2,data/DlcDataPytorchFiltered/WhiteAnimals2X/LightOnly/LightOnlyInhibitory_3_19_25_S3P_JDLC_Resnet50_DLC-WhiteAnimalsJul23shuffle1_snapshot_060_filtered.csv,2,
171,LightOnly_2_17_25_S2P_Seattle.mp4,30016,25.0,1200.64,360,288,white,LightOnly,2025-02-17,Seattle,ghrelin,,2,data/DlcDataPytorchFiltered/WhiteAnimals2X/LightOnly/LightOnly_2_17_25_S2P_SeattleDLC_Resnet50_DLC-WhiteAnimalsJul23shuffle1_snapshot_060_filtered.csv,2,
172,LightOnlyInhibitory_3_19_25_S3P_K.mp4,30018,25.0,1200.72,360,288,white,LightOnly,2025-03-19,K,ghrelin,Inhibitory,3,data/DlcDataPytorchFiltered/WhiteAnimals2X/LightOnly/LightOnlyInhibitory_3_19_25_S3P_KDLC_Resnet50_DLC-WhiteAnimalsJul23shuffle1_snapshot_060_filtered.csv,2,
173,LightOnlyInhibitory_3_19_25_S4P_Q.mp4,30014,25.0,1200.56,360,288,white,LightOnly,2025-03-19,Q,ghrelin,Inhibitory,3,data/DlcDataPytorchFiltered/WhiteAnimals2X/LightOnly/LightOnlyInhibitory_3_19_25_S4P_QDLC_Resnet50_DLC-WhiteAnimalsJul23shuffle1_snapshot_060_filtered.csv,2,
174,LightOnlyInhibitory_3_19_25_S3P_O.mp4,30018,25.0,1200.72,360,288,white,LightOnly,2025-03-19,O,ghrelin,Inhibitory,4,data/DlcDataPytorchFiltered/WhiteAnimals2X/LightOnly/LightOnlyInhibitory_3_19_25_S3P_ODLC_Resnet50_DLC-WhiteAnimalsJul23shuffle1_snapshot_060_filtered.csv,2,
175,LightOnlyExcitatory_3_5_25_S3Y_Leo.mp4,30017,25.0,1200.68,360,288,white,LightOnly,2025-03-05,Leo,saline,Excitatory,3,data/DlcDataPytorchFiltered/WhiteAnimals2X/LightOnly/LightOnlyExcitatory_3_5_25_S3Y_LeoDLC_Resnet50_DLC-WhiteAnimalsJul23shuffle1_snapshot_060_filtered.csv,2,
176,LightOnly_2_17_25_S1P_FtWorth.mp4,30017,25.0,1200.68,360,288,white,LightOnly,2025-02-17,FtWorth,ghrelin,,1,data/DlcDataPytorchFiltered/WhiteAnimals2X/LightOnly/LightOnly_2_17_25_S1P_FtWorthDLC_Resnet50_DLC-WhiteAnimalsJul23shuffle1_snapshot_060_filtered.csv,2,
177,LightOnly_2_14_25_S1Y_Toronto.mp4,30015,25.0,1200.6,360,288,white,LightOnly,2025-02-14,Toronto,saline,,3,data/DlcDataPytorchFiltered/WhiteAnimals2X/LightOnly/LightOnly_2_14_25_S1Y_TorontoDLC_Resnet50_DLC-WhiteAnimalsJul23shuffle1_snapshot_060_filtered.csv,2,
178,LightOnlyInhibitory_3_19_25_S4P_P.mp4,30014,25.0,1200.56,360,288,white,LightOnly,2025-03-19,P,ghrelin,Inhibitory,2,data/DlcDataPytorchFiltered/WhiteAnimals2X/LightOnly/LightOnlyInhibitory_3_19_25_S4P_PDLC_Resnet50_DLC-WhiteAnimalsJul23shuffle1_snapshot_060_filtered.csv,2,
179,LightOnly_2_14_25_S1Y_Austin.mp4,30015,25.0,1200.6,360,288,white,LightOnly,2025-02-14,Austin,saline,,1,data/DlcDataPytorchFiltered/WhiteAnimals2X/LightOnly/LightOnly_2_14_25_S1Y_AustinDLC_Resnet50_DLC-WhiteAnimalsJul23shuffle1_snapshot_060_filtered.csv,2,
180,LightOnly_2_14_25_S2Y_Waco.mp4,30020,25.0,1200.8,360,288,white,LightOnly,2025-02-14,Waco,saline,,3,data/DlcDataPytorchFiltered/WhiteAnimals2X/LightOnly/LightOnly_2_14_25_S2Y_WacoDLC_Resnet50_DLC-WhiteAnimalsJul23shuffle1_snapshot_060_filtered.csv,2,
181,LightOnly_2_14_25_S2Y_Denver.mp4,30020,25.0,1200.8,360,288,white,LightOnly,2025-02-14,Denver,saline,,1,data/DlcDataPytorchFiltered/WhiteAnimals2X/LightOnly/LightOnly_2_14_25_S2Y_DenverDLC_Resnet50_DLC-WhiteAnimalsJul23shuffle1_snapshot_060_filtered.csv,2,
182,LightOnly_2_17_25_S2P_Chicago.mp4,30016,25.0,1200.64,360,288,white,LightOnly,2025-02-17,Chicago,ghrelin,,3,data/DlcDataPytorchFiltered/WhiteAnimals2X/LightOnly/LightOnly_2_17_25_S2P_ChicagoDLC_Resnet50_DLC-WhiteAnimalsJul23shuffle1_snapshot_060_filtered.csv,2,
183,LightOnly_2_17_25_S3P_Ruidoso.mp4,30020,25.0,1200.8,360,288,white,LightOnly,2025-02-17,Ruidoso,ghrelin,,2,data/DlcDataPytorchFiltered/WhiteAnimals2X/LightOnly/LightOnly_2_17_25_S3P_RuidosoDLC_Resnet50_DLC-WhiteAnimalsJul23shuffle1_snapshot_060_filtered.csv,2,
184,LightOnly_2_14_25_S3Y_Rome.mp4,30017,25.0,1200.68,360,288,white,LightOnly,2025-02-14,Rome,saline,,3,data/DlcDataPytorchFiltered/WhiteAnimals2X/LightOnly/LightOnly_2_14_25_S3Y_RomeDLC_Resnet50_DLC-WhiteAnimalsJul23shuffle1_snapshot_060_filtered.csv,2,
185,LightOnlyExcitatory_3_5_25_S2Y_Bashful.mp4,30016,25.0,1200.64,360,288,white,LightOnly,2025-03-05,Bashful,saline,Excitatory,1,data/DlcDataPytorchFiltered/WhiteAnimals2X/LightOnly/LightOnlyExcitatory_3_5_25_S2Y_BashfulDLC_Resnet50_DLC-WhiteAnimalsJul23shuffle1_snapshot_060_filtered.csv,2,
186,LightOnly_2_14_25_S3Y_Lisbon.mp4,30017,25.0,1200.68,360,288,white,LightOnly,2025-02-14,Lisbon,saline,,1,data/DlcDataPytorchFiltered/WhiteAnimals2X/LightOnly/LightOnly_2_14_25_S3Y_LisbonDLC_Resnet50_DLC-WhiteAnimalsJul23shuffle1_snapshot_060_filtered.csv,2,
187,LightOnly_2_14_25_S3Y_Nairobi.mp4,30017,25.0,1200.68,360,288,white,LightOnly,2025-02-14,Nairobi,saline,,2,data/DlcDataPytorchFiltered/WhiteAnimals2X/LightOnly/LightOnly_2_14_25_S3Y_NairobiDLC_Resnet50_DLC-WhiteAnimalsJul23shuffle1_snapshot_060_filtered.csv,2,
188,LightOnlyInhibitory_3_19_25_S2P_E.mp4,30019,25.0,1200.76,360,288,white,LightOnly,2025-03-19,E,ghrelin,Inhibitory,1,data/DlcDataPytorchFiltered/WhiteAnimals2X/LightOnly/LightOnlyInhibitory_3_19_25_S2P_EDLC_Resnet50_DLC-WhiteAnimalsJul23shuffle1_snapshot_060_filtered.csv,2,
189,LightOnlyExcitatory_3_5_25_S1Y_Grumpy.mp4,30016,25.0,1200.64,360,288,white,LightOnly,2025-03-05,Grumpy,saline,Excitatory,2,data/DlcDataPytorchFiltered/WhiteAnimals2X/LightOnly/LightOnlyExcitatory_3_5_25_S1Y_GrumpyDLC_Resnet50_DLC-WhiteAnimalsJul23shuffle1_snapshot_060_filtered.csv,2,
190,LightOnly_2_17_25_S2P_LasCruces.mp4,30016,25.0,1200.64,360,288,white,LightOnly,2025-02-17,LasCruces,ghrelin,,4,data/DlcDataPytorchFiltered/WhiteAnimals2X/LightOnly/LightOnly_2_17_25_S2P_LasCrucesDLC_Resnet50_DLC-WhiteAnimalsJul23shuffle1_snapshot_060_filtered.csv,2,
191,LightOnlyInhibitory_3_19_25_S2P_G.mp4,30019,25.0,1200.76,360,288,white,LightOnly,2025-03-19,G,ghrelin,Inhibitory,3,data/DlcDataPytorchFiltered/WhiteAnimals2X/LightOnly/LightOnlyInhibitory_3_19_25_S2P_GDLC_Resnet50_DLC-WhiteAnimalsJul23shuffle1_snapshot_060_filtered.csv,2,
192,LightOnly_2_14_25_S4Y_Paris.mp4,30020,25.0,1200.8,360,288,white,LightOnly,2025-02-14,Paris,saline,,1,data/DlcDataPytorchFiltered/WhiteAnimals2X/LightOnly/LightOnly_2_14_25_S4Y_ParisDLC_Resnet50_DLC-WhiteAnimalsJul23shuffle1_snapshot_060_filtered.csv,2,
193,LightOnlyExcitatory_3_5_25_S4Y_Ivy.mp4,30017,25.0,1200.68,360,288,white,LightOnly,2025-03-05,Ivy,saline,Excitatory,1,data/DlcDataPytorchFiltered/WhiteAnimals2X/LightOnly/LightOnlyExcitatory_3_5_25_S4Y_IvyDLC_Resnet50_DLC-WhiteAnimalsJul23shuffle1_snapshot_060_filtered.csv,2,
194,LightOnlyExcitatory_3_5_25_S4Y_May.mp4,30017,25.0,1200.68,360,288,white,LightOnly,2025-03-05,May,saline,Excitatory,2,data/DlcDataPytorchFiltered/WhiteAnimals2X/LightOnly/LightOnlyExcitatory_3_5_25_S4Y_MayDLC_Resnet50_DLC-WhiteAnimalsJul23shuffle1_snapshot_060_filtered.csv,2,
195,LightOnly_2_17_25_S3P_NewOrleans.mp4,30020,25.0,1200.8,360,288,white,LightOnly,2025-02-17,NewOrleans,ghrelin,,3,data/DlcDataPytorchFiltered/WhiteAnimals2X/LightOnly/LightOnly_2_17_25_S3P_NewOrleansDLC_Resnet50_DLC-WhiteAnimalsJul23shuffle1_snapshot_060_filtered.csv,2,
196,LightOnlyInhibitory_3_19_25_S2P_H.mp4,30019,25.0,1200.76,360,288,white,LightOnly,2025-03-19,H,ghrelin,Inhibitory,4,data/DlcDataPytorchFiltered/WhiteAnimals2X/LightOnly/LightOnlyInhibitory_3_19_25_S2P_HDLC_Resnet50_DLC-WhiteAnimalsJul23shuffle1_snapshot_060_filtered.csv,2,
197,LightOnlyExcitatory_3_5_25_S1Y_Dopey.mp4,30016,25.0,1200.64,360,288,white,LightOnly,2025-03-05,Dopey,saline,Excitatory,1,data/DlcDataPytorchFiltered/WhiteAnimals2X/LightOnly/LightOnlyExcitatory_3_5_25_S1Y_DopeyDLC_Resnet50_DLC-WhiteAnimalsJul23shuffle1_snapshot_060_filtered.csv,2,
198,LightOnlyExcitatory_3_5_25_S3Y_Sam.mp4,30017,25.0,1200.68,360,288,white,LightOnly,2025-03-05,Sam,saline,Excitatory,2,data/DlcDataPytorchFiltered/WhiteAnimals2X/LightOnly/LightOnlyExcitatory_3_5_25_S3Y_SamDLC_Resnet50_DLC-WhiteAnimalsJul23shuffle1_snapshot_060_filtered.csv,2,
199,LightOnly_2_17_25_S4P_NewYork.mp4,30014,25.0,1200.56,360,288,white,LightOnly,2025-02-17,NewYork,ghrelin,,1,data/DlcDataPytorchFiltered/WhiteAnimals2X/LightOnly/LightOnly_2_17_25_S4P_NewYorkDLC_Resnet50_DLC-WhiteAnimalsJul23shuffle1_snapshot_060_filtered.csv,2,
200,LightOnly_2_14_25_S1Y_Berlin.mp4,30015,25.0,1200.6,360,288,white,LightOnly,2025-02-14,Berlin,saline,,4,data/DlcDataPytorchFiltered/WhiteAnimals2X/LightOnly/LightOnly_2_14_25_S1Y_BerlinDLC_Resnet50_DLC-WhiteAnimalsJul23shuffle1_snapshot_060_filtered.csv,2,
201,LightOnlyInhibitory_3_19_25_S2P_L.mp4,30019,25.0,1200.76,360,288,white,LightOnly,2025-03-19,L,ghrelin,Inhibitory,2,data/DlcDataPytorchFiltered/WhiteAnimals2X/LightOnly/LightOnlyInhibitory_3_19_25_S2P_LDLC_Resnet50_DLC-WhiteAnimalsJul23shuffle1_snapshot_060_filtered.csv,2,
202,LightOnlyExcitatory_3_5_25_S2Y_Happy.mp4,30016,25.0,1200.64,360,288,white,LightOnly,2025-03-05,Happy,saline,Excitatory,2,data/DlcDataPytorchFiltered/WhiteAnimals2X/LightOnly/LightOnlyExcitatory_3_5_25_S2Y_HappyDLC_Resnet50_DLC-WhiteAnimalsJul23shuffle1_snapshot_060_filtered.csv,2,
203,LightOnly_2_17_25_S3P_Atlanta.mp4,30020,25.0,1200.8,360,288,white,LightOnly,2025-02-17,Atlanta,ghrelin,,4,data/DlcDataPytorchFiltered/WhiteAnimals2X/LightOnly/LightOnly_2_17_25_S3P_AtlantaDLC_Resnet50_DLC-WhiteAnimalsJul23shuffle1_snapshot_060_filtered.csv,2,
204,LightOnlyExcitatory_3_5_25_S1Y_Sneezy.mp4,30016,25.0,1200.64,360,288,white,LightOnly,2025-03-05,Sneezy,saline,Excitatory,3,data/DlcDataPytorchFiltered/WhiteAnimals2X/LightOnly/LightOnlyExcitatory_3_5_25_S1Y_SneezyDLC_Resnet50_DLC-WhiteAnimalsJul23shuffle1_snapshot_060_filtered.csv,2,
205,LightOnly_2_17_25_S1P_Orlando.mp4,30017,25.0,1200.68,360,288,white,LightOnly,2025-02-17,Orlando,ghrelin,,2,data/DlcDataPytorchFiltered/WhiteAnimals2X/LightOnly/LightOnly_2_17_25_S1P_OrlandoDLC_Resnet50_DLC-WhiteAnimalsJul23shuffle1_snapshot_060_filtered.csv,2,
206,LightOnly_2_14_25_S2Y_ElPaso.mp4,30020,25.0,1200.8,360,288,white,LightOnly,2025-02-14,ElPaso,saline,,2,data/DlcDataPytorchFiltered/WhiteAnimals2X/LightOnly/LightOnly_2_14_25_S2Y_ElPasoDLC_Resnet50_DLC-WhiteAnimalsJul23shuffle1_snapshot_060_filtered.csv,2,
207,LightOnlyInhibitory_3_19_25_S1P_F.mp4,30018,25.0,1200.72,360,288,white,LightOnly,2025-03-19,F,ghrelin,Inhibitory,4,data/DlcDataPytorchFiltered/WhiteAnimals2X/LightOnly/LightOnlyInhibitory_3_19_25_S1P_FDLC_Resnet50_DLC-WhiteAnimalsJul23shuffle1_snapshot_060_filtered.csv,2,
208,LightOnly_2_14_25_S3Y_Venice.mp4,30017,25.0,1200.68,360,288,white,LightOnly,2025-02-14,Venice,saline,,4,data/DlcDataPytorchFiltered/WhiteAnimals2X/LightOnly/LightOnly_2_14_25_S3Y_VeniceDLC_Resnet50_DLC-WhiteAnimalsJul23shuffle1_snapshot_060_filtered.csv,2,
209,LightOnlyExcitatory_3_5_25_S1Y_Doc.mp4,30016,25.0,1200.64,360,288,white,LightOnly,2025-03-05,Doc,saline,Excitatory,4,data/DlcDataPytorchFiltered/WhiteAnimals2X/LightOnly/LightOnlyExcitatory_3_5_25_S1Y_DocDLC_Resnet50_DLC-WhiteAnimalsJul23shuffle1_snapshot_060_filtered.csv,2,
210,LightOnlyInhibitory_3_19_25_S1P_C.mp4,30018,25.0,1200.72,360,288,white,LightOnly,2025-03-19,C,ghrelin,Inhibitory,3,data/DlcDataPytorchFiltered/WhiteAnimals2X/LightOnly/LightOnlyInhibitory_3_19_25_S1P_CDLC_Resnet50_DLC-WhiteAnimalsJul23shuffle1_snapshot_060_filtered.csv,2,
211,LightOnly_2_14_25_S1Y_Houston.mp4,30015,25.0,1200.6,360,288,white,LightOnly,2025-02-14,Houston,saline,,2,data/DlcDataPytorchFiltered/WhiteAnimals2X/LightOnly/LightOnly_2_14_25_S1Y_HoustonDLC_Resnet50_DLC-WhiteAnimalsJul23shuffle1_snapshot_060_filtered.csv,2,
212,LightOnly_2_17_25_S1P_Dallas.mp4,30017,25.0,1200.68,360,288,white,LightOnly,2025-02-17,Dallas,ghrelin,,4,data/DlcDataPytorchFiltered/WhiteAnimals2X/LightOnly/LightOnly_2_17_25_S1P_DallasDLC_Resnet50_DLC-WhiteAnimalsJul23shuffle1_snapshot_060_filtered.csv,2,
213,LightOnly_2_14_25_S4Y_London.mp4,30020,25.0,1200.8,360,288,white,LightOnly,2025-02-14,London,saline,,2,data/DlcDataPytorchFiltered/WhiteAnimals2X/LightOnly/LightOnly_2_14_25_S4Y_LondonDLC_Resnet50_DLC-WhiteAnimalsJul23shuffle1_snapshot_060_filtered.csv,2,
214,LightOnly_2_17_25_S4P_NewJersey.mp4,30014,25.0,1200.56,360,288,white,LightOnly,2025-02-17,NewJersey,ghrelin,,2,data/DlcDataPytorchFiltered/WhiteAnimals2X/LightOnly/LightOnly_2_17_25_S4P_NewJerseyDLC_Resnet50_DLC-WhiteAnimalsJul23shuffle1_snapshot_060_filtered.csv,2,
215,LightOnlyInhibitory_3_19_25_S1P_B.mp4,30018,25.0,1200.72,360,288,white,LightOnly,2025-03-19,B,ghrelin,Inhibitory,2,data/DlcDataPytorchFiltered/WhiteAnimals2X/LightOnly/LightOnlyInhibitory_3_19_25_S1P_BDLC_Resnet50_DLC-WhiteAnimalsJul23shuffle1_snapshot_060_filtered.csv,2,
216,LightOnlyExcitatory_3_5_25_S2Y_Sleepy.mp4,30016,25.0,1200.64,360,288,white,LightOnly,2025-03-05,Sleepy,saline,Excitatory,3,data/DlcDataPytorchFiltered/WhiteAnimals2X/LightOnly/LightOnlyExcitatory_3_5_25_S2Y_SleepyDLC_Resnet50_DLC-WhiteAnimalsJul23shuffle1_snapshot_060_filtered.csv,2,
217,LightOnly_2_17_25_S1P_Tampa.mp4,30017,25.0,1200.68,360,288,white,LightOnly,2025-02-17,Tampa,ghrelin,,3,data/DlcDataPytorchFiltered/WhiteAnimals2X/LightOnly/LightOnly_2_17_25_S1P_TampaDLC_Resnet50_DLC-WhiteAnimalsJul23shuffle1_snapshot_060_filtered.csv,2,
218,LightOnly_2_17_25_S3P_Tokyo.mp4,30020,25.0,1200.8,360,288,white,LightOnly,2025-02-17,Tokyo,ghrelin,,1,data/DlcDataPytorchFiltered/WhiteAnimals2X/LightOnly/LightOnly_2_17_25_S3P_TokyoDLC_Resnet50_DLC-WhiteAnimalsJul23shuffle1_snapshot_060_filtered.csv,2,
219,LightOnly_2_17_25_S2P_LA.mp4,30016,25.0,1200.64,360,288,white,LightOnly,2025-02-17,LA,ghrelin,,1,data/DlcDataPytorchFiltered/WhiteAnimals2X/LightOnly/LightOnly_2_17_25_S2P_LADLC_Resnet50_DLC-WhiteAnimalsJul23shuffle1_snapshot_060_filtered.csv,2,
220,LightOnly_2_14_25_S4Y_Phoenix.mp4,30020,25.0,1200.8,360,288,white,LightOnly,2025-02-14,Phoenix,saline,,3,data/DlcDataPytorchFiltered/WhiteAnimals2X/LightOnly/LightOnly_2_14_25_S4Y_PhoenixDLC_Resnet50_DLC-WhiteAnimalsJul23shuffle1_snapshot_060_filtered.csv,2,
221,LightOnlyInhibitory_3_19_25_S1P_A.mp4,30018,25.0,1200.72,360,288,white,LightOnly,2025-03-19,A,ghrelin,Inhibitory,1,data/DlcDataPytorchFiltered/WhiteAnimals2X/LightOnly/LightOnlyInhibitory_3_19_25_S1P_ADLC_Resnet50_DLC-WhiteAnimalsJul23shuffle1_snapshot_060_filtered.csv,2,
222,LightOnlyExcitatory_3_5_25_S4Y_Ida.mp4,30017,25.0,1200.68,360,288,white,LightOnly,2025-03-05,Ida,saline,Excitatory,3,data/DlcDataPytorchFiltered/WhiteAnimals2X/LightOnly/LightOnlyExcitatory_3_5_25_S4Y_IdaDLC_Resnet50_DLC-WhiteAnimalsJul23shuffle1_snapshot_060_filtered.csv,2,
223,LightOnlyInhibitory_3_19_25_S4P_M.mp4,30014,25.0,1200.56,360,288,white,LightOnly,2025-03-19,M,ghrelin,Inhibitory,1,data/DlcDataPytorchFiltered/WhiteAnimals2X/LightOnly/LightOnlyInhibitory_3_19_25_S4P_MDLC_Resnet50_DLC-WhiteAnimalsJul23shuffle1_snapshot_060_filtered.csv,2,
224,ToyLightInhibitory_1_22_25_S1P_A.mp4,30015,25.0,1200.6,360,288,white,ToyLight,2025-01-22,A,ghrelin,Inhibitory,1,data/DlcDataPytorchFiltered/WhiteAnimals2X/ToyLight/ToyLightInhibitory_1_22_25_S1P_ADLC_Resnet50_DLC-WhiteAnimalsJul23shuffle1_snapshot_060_filtered.csv,2,
225,ToyLightInhibitory_1_22_25_S4P_M.mp4,30015,25.0,1200.6,360,288,white,ToyLight,2025-01-22,M,ghrelin,Inhibitory,1,data/DlcDataPytorchFiltered/WhiteAnimals2X/ToyLight/ToyLightInhibitory_1_22_25_S4P_MDLC_Resnet50_DLC-WhiteAnimalsJul23shuffle1_snapshot_060_filtered.csv,2,
226,ToyLight_2_7_25_S1Y_2.mp4,30016,25.0,1200.64,360,288,white,ToyLight,2025-02-07,2,saline,,2,data/DlcDataPytorchFiltered/WhiteAnimals2X/ToyLight/ToyLight_2_7_25_S1Y_2DLC_Resnet50_DLC-WhiteAnimalsJul23shuffle1_snapshot_060_filtered.csv,2,
227,ToyLight_1_21_25_S1P_FtWorth.mp4,30016,25.0,1200.64,360,288,white,ToyLight,2025-01-21,FtWorth,ghrelin,,1,data/DlcDataPytorchFiltered/WhiteAnimals2X/ToyLight/ToyLight_1_21_25_S1P_FtWorthDLC_Resnet50_DLC-WhiteAnimalsJul23shuffle1_snapshot_060_filtered.csv,2,
228,ToyLightInhibitory_1_22_25_S1P_B.mp4,30015,25.0,1200.6,360,288,white,ToyLight,2025-01-22,B,ghrelin,Inhibitory,2,data/DlcDataPytorchFiltered/WhiteAnimals2X/ToyLight/ToyLightInhibitory_1_22_25_S1P_BDLC_Resnet50_DLC-WhiteAnimalsJul23shuffle1_snapshot_060_filtered.csv,2,
229,ToyLight_2_7_25_S1Y_1.mp4,30016,25.0,1200.64,360,288,white,ToyLight,2025-02-07,1,saline,,1,data/DlcDataPytorchFiltered/WhiteAnimals2X/ToyLight/ToyLight_2_7_25_S1Y_1DLC_Resnet50_DLC-WhiteAnimalsJul23shuffle1_snapshot_060_filtered.csv,2,
230,ToyLightInhibitory_1_22_25_S1P_C.mp4,30015,25.0,1200.6,360,288,white,ToyLight,2025-01-22,C,ghrelin,Inhibitory,3,data/DlcDataPytorchFiltered/WhiteAnimals2X/ToyLight/ToyLightInhibitory_1_22_25_S1P_CDLC_Resnet50_DLC-WhiteAnimalsJul23shuffle1_snapshot_060_filtered.csv,2,
231,ToyLightInhibitory_1_22_25_S1P_F.mp4,30015,25.0,1200.6,360,288,white,ToyLight,2025-01-22,F,ghrelin,Inhibitory,4,data/DlcDataPytorchFiltered/WhiteAnimals2X/ToyLight/ToyLightInhibitory_1_22_25_S1P_FDLC_Resnet50_DLC-WhiteAnimalsJul23shuffle1_snapshot_060_filtered.csv,2,
232,ToyLightExcitatory_2_24_25_S2Y_Sleepy.mp4,30017,25.0,1200.68,360,288,white,ToyLight,2025-02-24,Sleepy,saline,Excitatory,3,data/DlcDataPytorchFiltered/WhiteAnimals2X/ToyLight/ToyLightExcitatory_2_24_25_S2Y_SleepyDLC_Resnet50_DLC-WhiteAnimalsJul23shuffle1_snapshot_060_filtered.csv,2,
233,ToyLight_1_21_25_S2P_Seattle.mp4,30016,25.0,1200.64,360,288,white,ToyLight,2025-01-21,Seattle,ghrelin,,2,data/DlcDataPytorchFiltered/WhiteAnimals2X/ToyLight/ToyLight_1_21_25_S2P_SeattleDLC_Resnet50_DLC-WhiteAnimalsJul23shuffle1_snapshot_060_filtered.csv,2,
234,ToyLight_1_21_25_S2P_LasCruces.mp4,30016,25.0,1200.64,360,288,white,ToyLight,2025-01-21,LasCruces,ghrelin,,4,data/DlcDataPytorchFiltered/WhiteAnimals2X/ToyLight/ToyLight_1_21_25_S2P_LasCrucesDLC_Resnet50_DLC-WhiteAnimalsJul23shuffle1_snapshot_060_filtered.csv,2,
235,ToyLight_1_21_25_S3P_NewOrleans.mp4,30016,25.0,1200.64,360,288,white,ToyLight,2025-01-21,NewOrleans,ghrelin,,3,data/DlcDataPytorchFiltered/WhiteAnimals2X/ToyLight/ToyLight_1_21_25_S3P_NewOrleansDLC_Resnet50_DLC-WhiteAnimalsJul23shuffle1_snapshot_060_filtered.csv,2,
236,ToyLightInhibitory_1_22_25_S2P_L.mp4,30020,25.0,1200.8,360,288,white,ToyLight,2025-01-22,L,ghrelin,Inhibitory,2,data/DlcDataPytorchFiltered/WhiteAnimals2X/ToyLight/ToyLightInhibitory_1_22_25_S2P_LDLC_Resnet50_DLC-WhiteAnimalsJul23shuffle1_snapshot_060_filtered.csv,2,
237,ToyLightExcitatory_2_24_25_S2Y_Happy.mp4,30017,25.0,1200.68,360,288,white,ToyLight,2025-02-24,Happy,saline,Excitatory,2,data/DlcDataPytorchFiltered/WhiteAnimals2X/ToyLight/ToyLightExcitatory_2_24_25_S2Y_HappyDLC_Resnet50_DLC-WhiteAnimalsJul23shuffle1_snapshot_060_filtered.csv,2,
238,ToyLightExcitatory_2_24_25_S1Y_Sneezy.mp4,30017,25.0,1200.68,360,288,white,ToyLight,2025-02-24,Sneezy,saline,Excitatory,3,data/DlcDataPytorchFiltered/WhiteAnimals2X/ToyLight/ToyLightExcitatory_2_24_25_S1Y_SneezyDLC_Resnet50_DLC-WhiteAnimalsJul23shuffle1_snapshot_060_filtered.csv,2,
239,ToyLightExcitatory_2_24_25_S1Y_Dopey.mp4,30017,25.0,1200.68,360,288,white,ToyLight,2025-02-24,Dopey,saline,Excitatory,1,data/DlcDataPytorchFiltered/WhiteAnimals2X/ToyLight/ToyLightExcitatory_2_24_25_S1Y_DopeyDLC_Resnet50_DLC-WhiteAnimalsJul23shuffle1_snapshot_060_filtered.csv,2,
240,ToyLight_1_21_25_S2P_Chicago.mp4,30016,25.0,1200.64,360,288,white,ToyLight,2025-01-21,Chicago,ghrelin,,3,data/DlcDataPytorchFiltered/WhiteAnimals2X/ToyLight/ToyLight_1_21_25_S2P_ChicagoDLC_Resnet50_DLC-WhiteAnimalsJul23shuffle1_snapshot_060_filtered.csv,2,
241,ToyLightInhibitory_1_22_25_S2P_H.mp4,30020,25.0,1200.8,360,288,white,ToyLight,2025-01-22,H,ghrelin,Inhibitory,4,data/DlcDataPytorchFiltered/WhiteAnimals2X/ToyLight/ToyLightInhibitory_1_22_25_S2P_HDLC_Resnet50_DLC-WhiteAnimalsJul23shuffle1_snapshot_060_filtered.csv,2,
242,ToyLight_2_5_25_S2Y_7.mp4,30016,25.0,1200.64,360,288,white,ToyLight,2025-02-05,7,saline,,3,data/DlcDataPytorchFiltered/WhiteAnimals2X/ToyLight/ToyLight_2_5_25_S2Y_7DLC_Resnet50_DLC-WhiteAnimalsJul23shuffle1_snapshot_060_filtered.csv,2,
243,ToyLight_1_21_25_S3P_Ruidoso.mp4,30016,25.0,1200.64,360,288,white,ToyLight,2025-01-21,Ruidoso,ghrelin,,2,data/DlcDataPytorchFiltered/WhiteAnimals2X/ToyLight/ToyLight_1_21_25_S3P_RuidosoDLC_Resnet50_DLC-WhiteAnimalsJul23shuffle1_snapshot_060_filtered.csv,2,
244,ToyLight_2_7_25_S2Y_5.mp4,30020,25.0,1200.8,360,288,white,ToyLight,2025-02-07,5,saline,,1,data/DlcDataPytorchFiltered/WhiteAnimals2X/ToyLight/ToyLight_2_7_25_S2Y_5DLC_Resnet50_DLC-WhiteAnimalsJul23shuffle1_snapshot_060_filtered.csv,2,
245,ToyLight_1_21_25_S3P_Atlanta.mp4,30016,25.0,1200.64,360,288,white,ToyLight,2025-01-21,Atlanta,ghrelin,,4,data/DlcDataPytorchFiltered/WhiteAnimals2X/ToyLight/ToyLight_1_21_25_S3P_AtlantaDLC_Resnet50_DLC-WhiteAnimalsJul23shuffle1_snapshot_060_filtered.csv,2,
246,ToyLightInhibitory_1_22_25_S2P_G.mp4,30020,25.0,1200.8,360,288,white,ToyLight,2025-01-22,G,ghrelin,Inhibitory,3,data/DlcDataPytorchFiltered/WhiteAnimals2X/ToyLight/ToyLightInhibitory_1_22_25_S2P_GDLC_Resnet50_DLC-WhiteAnimalsJul23shuffle1_snapshot_060_filtered.csv,2,
247,ToyLight_2_5_25_S2Y_8.mp4,30016,25.0,1200.64,360,288,white,ToyLight,2025-02-05,8,saline,,4,data/DlcDataPytorchFiltered/WhiteAnimals2X/ToyLight/ToyLight_2_5_25_S2Y_8DLC_Resnet50_DLC-WhiteAnimalsJul23shuffle1_snapshot_060_filtered.csv,2,
248,ToyLight_1_21_25_S1P_Orlando.mp4,30016,25.0,1200.64,360,288,white,ToyLight,2025-01-21,Orlando,ghrelin,,2,data/DlcDataPytorchFiltered/WhiteAnimals2X/ToyLight/ToyLight_1_21_25_S1P_OrlandoDLC_Resnet50_DLC-WhiteAnimalsJul23shuffle1_snapshot_060_filtered.csv,2,
249,ToyLightInhibitory_1_22_25_S2P_E.mp4,30020,25.0,1200.8,360,288,white,ToyLight,2025-01-22,E,ghrelin,Inhibitory,1,data/DlcDataPytorchFiltered/WhiteAnimals2X/ToyLight/ToyLightInhibitory_1_22_25_S2P_EDLC_Resnet50_DLC-WhiteAnimalsJul23shuffle1_snapshot_060_filtered.csv,2,
250,ToyLight_2_7_25_S2Y_6.mp4,30020,25.0,1200.8,360,288,white,ToyLight,2025-02-07,6,saline,,2,data/DlcDataPytorchFiltered/WhiteAnimals2X/ToyLight/ToyLight_2_7_25_S2Y_6DLC_Resnet50_DLC-WhiteAnimalsJul23shuffle1_snapshot_060_filtered.csv,2,
251,ToyLight_1_21_25_S4P_NewYork.mp4,30016,25.0,1200.64,360,288,white,ToyLight,2025-01-21,NewYork,ghrelin,,1,data/DlcDataPytorchFiltered/WhiteAnimals2X/ToyLight/ToyLight_1_21_25_S4P_NewYorkDLC_Resnet50_DLC-WhiteAnimalsJul23shuffle1_snapshot_060_filtered.csv,2,
252,ToyLightExcitatory_2_24_25_S1Y_Grumpy.mp4,30017,25.0,1200.68,360,288,white,ToyLight,2025-02-24,Grumpy,saline,Excitatory,2,data/DlcDataPytorchFiltered/WhiteAnimals2X/ToyLight/ToyLightExcitatory_2_24_25_S1Y_GrumpyDLC_Resnet50_DLC-WhiteAnimalsJul23shuffle1_snapshot_060_filtered.csv,2,
253,ToyLightExcitatory_2_24_25_S2Y_Bashful.mp4,30017,25.0,1200.68,360,288,white,ToyLight,2025-02-24,Bashful,saline,Excitatory,1,data/DlcDataPytorchFiltered/WhiteAnimals2X/ToyLight/ToyLightExcitatory_2_24_25_S2Y_BashfulDLC_Resnet50_DLC-WhiteAnimalsJul23shuffle1_snapshot_060_filtered.csv,2,
254,ToyLight_1_21_25_S4P_NewJersey.mp4,30016,25.0,1200.64,360,288,white,ToyLight,2025-01-21,NewJersey,ghrelin,,2,data/DlcDataPytorchFiltered/WhiteAnimals2X/ToyLight/ToyLight_1_21_25_S4P_NewJerseyDLC_Resnet50_DLC-WhiteAnimalsJul23shuffle1_snapshot_060_filtered.csv,2,
255,ToyLight_1_21_25_S1P_Tampa.mp4,30016,25.0,1200.64,360,288,white,ToyLight,2025-01-21,Tampa,ghrelin,,3,data/DlcDataPytorchFiltered/WhiteAnimals2X/ToyLight/ToyLight_1_21_25_S1P_TampaDLC_Resnet50_DLC-WhiteAnimalsJul23shuffle1_snapshot_060_filtered.csv,2,
256,ToyLight_1_21_25_S3P_Tokyo.mp4,30016,25.0,1200.64,360,288,white,ToyLight,2025-01-21,Tokyo,ghrelin,,1,data/DlcDataPytorchFiltered/WhiteAnimals2X/ToyLight/ToyLight_1_21_25_S3P_TokyoDLC_Resnet50_DLC-WhiteAnimalsJul23shuffle1_snapshot_060_filtered.csv,2,
257,ToyLight_2_5_25_S3Y_10.mp4,30017,25.0,1200.68,360,288,white,ToyLight,2025-02-05,10,saline,,2,data/DlcDataPytorchFiltered/WhiteAnimals2X/ToyLight/ToyLight_2_5_25_S3Y_10DLC_Resnet50_DLC-WhiteAnimalsJul23shuffle1_snapshot_060_filtered.csv,2,
258,ToyLight_2_5_25_S1Y_4.mp4,30017,25.0,1200.68,360,288,white,ToyLight,2025-02-05,4,saline,,4,data/DlcDataPytorchFiltered/WhiteAnimals2X/ToyLight/ToyLight_2_5_25_S1Y_4DLC_Resnet50_DLC-WhiteAnimalsJul23shuffle1_snapshot_060_filtered.csv,2,
259,ToyLight_1_21_25_S1P_Dallas.mp4,30016,25.0,1200.64,360,288,white,ToyLight,2025-01-21,Dallas,ghrelin,,4,data/DlcDataPytorchFiltered/WhiteAnimals2X/ToyLight/ToyLight_1_21_25_S1P_DallasDLC_Resnet50_DLC-WhiteAnimalsJul23shuffle1_snapshot_060_filtered.csv,2,
260,ToyLightExcitatory_2_24_25_S1Y_Doc.mp4,30017,25.0,1200.68,360,288,white,ToyLight,2025-02-24,Doc,saline,Excitatory,4,data/DlcDataPytorchFiltered/WhiteAnimals2X/ToyLight/ToyLightExcitatory_2_24_25_S1Y_DocDLC_Resnet50_DLC-WhiteAnimalsJul23shuffle1_snapshot_060_filtered.csv,2,
261,ToyLightInhibitory_1_22_25_S4P_P.mp4,30015,25.0,1200.6,360,288,white,ToyLight,2025-01-22,P,ghrelin,Inhibitory,3,data/DlcDataPytorchFiltered/WhiteAnimals2X/ToyLight/ToyLightInhibitory_1_22_25_S4P_PDLC_Resnet50_DLC-WhiteAnimalsJul23shuffle1_snapshot_060_filtered.csv,2,
262,ToyLightInhibitory_1_22_25_S3P_O.mp4,30017,25.0,1200.68,360,288,white,ToyLight,2025-01-22,O,ghrelin,Inhibitory,4,data/DlcDataPytorchFiltered/WhiteAnimals2X/ToyLight/ToyLightInhibitory_1_22_25_S3P_ODLC_Resnet50_DLC-WhiteAnimalsJul23shuffle1_snapshot_060_filtered.csv,2,
263,ToyLight_2_5_25_S1Y_3.mp4,30017,25.0,1200.68,360,288,white,ToyLight,2025-02-05,3,saline,,3,data/DlcDataPytorchFiltered/WhiteAnimals2X/ToyLight/ToyLight_2_5_25_S1Y_3DLC_Resnet50_DLC-WhiteAnimalsJul23shuffle1_snapshot_060_filtered.csv,2,
264,ToyLight_2_7_25_S3Y_9.mp4,30020,25.0,1200.8,360,288,white,ToyLight,2025-02-07,9,saline,,1,data/DlcDataPytorchFiltered/WhiteAnimals2X/ToyLight/ToyLight_2_7_25_S3Y_9DLC_Resnet50_DLC-WhiteAnimalsJul23shuffle1_snapshot_060_filtered.csv,2,
265,ToyLightInhibitory_1_22_25_S3P_K.mp4,30017,25.0,1200.68,360,288,white,ToyLight,2025-01-22,K,ghrelin,Inhibitory,3,data/DlcDataPytorchFiltered/WhiteAnimals2X/ToyLight/ToyLightInhibitory_1_22_25_S3P_KDLC_Resnet50_DLC-WhiteAnimalsJul23shuffle1_snapshot_060_filtered.csv,2,
266,ToyLightInhibitory_1_22_25_S3P_J.mp4,30017,25.0,1200.68,360,288,white,ToyLight,2025-01-22,J,ghrelin,Inhibitory,2,data/DlcDataPytorchFiltered/WhiteAnimals2X/ToyLight/ToyLightInhibitory_1_22_25_S3P_JDLC_Resnet50_DLC-WhiteAnimalsJul23shuffle1_snapshot_060_filtered.csv,2,
267,ToyLight_1_21_25_S2P_LA.mp4,30016,25.0,1200.64,360,288,white,ToyLight,2025-01-21,LA,ghrelin,,1,data/DlcDataPytorchFiltered/WhiteAnimals2X/ToyLight/ToyLight_1_21_25_S2P_LADLC_Resnet50_DLC-WhiteAnimalsJul23shuffle1_snapshot_060_filtered.csv,2,
268,ToyLightInhibitory_1_22_25_S3P_I.mp4,30017,25.0,1200.68,360,288,white,ToyLight,2025-01-22,I,ghrelin,Inhibitory,1,data/DlcDataPytorchFiltered/WhiteAnimals2X/ToyLight/ToyLightInhibitory_1_22_25_S3P_IDLC_Resnet50_DLC-WhiteAnimalsJul23shuffle1_snapshot_060_filtered.csv,2,
269,FoodLight_1_16_25_S2Y_Denver.mp4,30018,25.0,1200.72,360,288,white,FoodLight,2025-01-16,Denver,saline,,1,data/DlcDataPytorchFiltered/WhiteAnimals2X/FoodLight/FoodLight_1_16_25_S2Y_DenverDLC_Resnet50_DLC-WhiteAnimalsJul23shuffle1_snapshot_060_filtered.csv,2,
270,FoodLight_1_17_25_S3P_NewOrleans.mp4,30020,25.0,1200.8,360,288,white,FoodLight,2025-01-17,NewOrleans,ghrelin,,3,data/DlcDataPytorchFiltered/WhiteAnimals2X/FoodLight/FoodLight_1_17_25_S3P_NewOrleansDLC_Resnet50_DLC-WhiteAnimalsJul23shuffle1_snapshot_060_filtered.csv,2,
271,FoodLight_1_17_25_S4P_NewYork.mp4,30015,25.0,1200.6,360,288,white,FoodLight,2025-01-17,NewYork,ghrelin,,1,data/DlcDataPytorchFiltered/WhiteAnimals2X/FoodLight/FoodLight_1_17_25_S4P_NewYorkDLC_Resnet50_DLC-WhiteAnimalsJul23shuffle1_snapshot_060_filtered.csv,2,
272,FoodLightExcitatory_2_20_25_S1Y_Grumpy.mp4,30016,25.0,1200.64,360,288,white,FoodLight,2025-02-20,Grumpy,saline,Excitatory,2,data/DlcDataPytorchFiltered/WhiteAnimals2X/FoodLight/FoodLightExcitatory_2_20_25_S1Y_GrumpyDLC_Resnet50_DLC-WhiteAnimalsJul23shuffle1_snapshot_060_filtered.csv,2,
273,FoodLightInhibitory_1_15_25_S2P_E.mp4,30017,25.0,1200.68,360,288,white,FoodLight,2025-01-15,E,ghrelin,Inhibitory,1,data/DlcDataPytorchFiltered/WhiteAnimals2X/FoodLight/FoodLightInhibitory_1_15_25_S2P_EDLC_Resnet50_DLC-WhiteAnimalsJul23shuffle1_snapshot_060_filtered.csv,2,
274,FoodLight_1_17_25_S3P_Atlanta.mp4,30020,25.0,1200.8,360,288,white,FoodLight,2025-01-17,Atlanta,ghrelin,,4,data/DlcDataPytorchFiltered/WhiteAnimals2X/FoodLight/FoodLight_1_17_25_S3P_AtlantaDLC_Resnet50_DLC-WhiteAnimalsJul23shuffle1_snapshot_060_filtered.csv,2,
275,FoodLight_1_16_25_S3Y_Lisbon.mp4,30018,25.0,1200.72,360,288,white,FoodLight,2025-01-16,Lisbon,saline,,1,data/DlcDataPytorchFiltered/WhiteAnimals2X/FoodLight/FoodLight_1_16_25_S3Y_LisbonDLC_Resnet50_DLC-WhiteAnimalsJul23shuffle1_snapshot_060_filtered.csv,2,
276,FoodLight_1_17_25_S1P_Orlando.mp4,30016,25.0,1200.64,360,288,white,FoodLight,2025-01-17,Orlando,ghrelin,,2,data/DlcDataPytorchFiltered/WhiteAnimals2X/FoodLight/FoodLight_1_17_25_S1P_OrlandoDLC_Resnet50_DLC-WhiteAnimalsJul23shuffle1_snapshot_060_filtered.csv,2,
277,FoodLight_1_16_25_S3Y_Nairobi.mp4,30018,25.0,1200.72,360,288,white,FoodLight,2025-01-16,Nairobi,saline,,2,data/DlcDataPytorchFiltered/WhiteAnimals2X/FoodLight/FoodLight_1_16_25_S3Y_NairobiDLC_Resnet50_DLC-WhiteAnimalsJul23shuffle1_snapshot_060_filtered.csv,2,
278,FoodLightInhibitory_1_15_25_S2P_G.mp4,30017,25.0,1200.68,360,288,white,FoodLight,2025-01-15,G,ghrelin,Inhibitory,3,data/DlcDataPytorchFiltered/WhiteAnimals2X/FoodLight/FoodLightInhibitory_1_15_25_S2P_GDLC_Resnet50_DLC-WhiteAnimalsJul23shuffle1_snapshot_060_filtered.csv,2,
279,FoodLightExcitatory_2_20_25_S1Y_Dopey.mp4,30016,25.0,1200.64,360,288,white,FoodLight,2025-02-20,Dopey,saline,Excitatory,1,data/DlcDataPytorchFiltered/WhiteAnimals2X/FoodLight/FoodLightExcitatory_2_20_25_S1Y_DopeyDLC_Resnet50_DLC-WhiteAnimalsJul23shuffle1_snapshot_060_filtered.csv,2,
280,FoodLightInhibitory_1_15_25_S3P_I.mp4,30017,25.0,1200.68,360,288,white,FoodLight,2025-01-15,I,ghrelin,Inhibitory,1,data/DlcDataPytorchFiltered/WhiteAnimals2X/FoodLight/FoodLightInhibitory_1_15_25_S3P_IDLC_Resnet50_DLC-WhiteAnimalsJul23shuffle1_snapshot_060_filtered.csv,2,
281,FoodLightInhibitory_1_15_25_S3P_K.mp4,30017,25.0,1200.68,360,288,white,FoodLight,2025-01-15,K,ghrelin,Inhibitory,3,data/DlcDataPytorchFiltered/WhiteAnimals2X/FoodLight/FoodLightInhibitory_1_15_25_S3P_KDLC_Resnet50_DLC-WhiteAnimalsJul23shuffle1_snapshot_060_filtered.csv,2,
282,FoodLightInhibitory_1_15_25_S3P_J.mp4,30017,25.0,1200.68,360,288,white,FoodLight,2025-01-15,J,ghrelin,Inhibitory,2,data/DlcDataPytorchFiltered/WhiteAnimals2X/FoodLight/FoodLightInhibitory_1_15_25_S3P_JDLC_Resnet50_DLC-WhiteAnimalsJul23shuffle1_snapshot_060_filtered.csv,2,
283,FoodLightInhibitory_1_15_25_S4P_P.mp4,30020,25.0,1200.8,360,288,white,FoodLight,2025-01-15,P,ghrelin,Inhibitory,2,data/DlcDataPytorchFiltered/WhiteAnimals2X/FoodLight/FoodLightInhibitory_1_15_25_S4P_PDLC_Resnet50_DLC-WhiteAnimalsJul23shuffle1_snapshot_060_filtered.csv,2,
284,FoodLightInhibitory_1_15_25_S3P_O.mp4,30017,25.0,1200.68,360,288,white,FoodLight,2025-01-15,O,ghrelin,Inhibitory,4,data/DlcDataPytorchFiltered/WhiteAnimals2X/FoodLight/FoodLightInhibitory_1_15_25_S3P_ODLC_Resnet50_DLC-WhiteAnimalsJul23shuffle1_snapshot_060_filtered.csv,2,
285,FoodLightInhibitory_1_15_25_S4P_Q.mp4,30020,25.0,1200.8,360,288,white,FoodLight,2025-01-15,Q,ghrelin,Inhibitory,3,data/DlcDataPytorchFiltered/WhiteAnimals2X/FoodLight/FoodLightInhibitory_1_15_25_S4P_QDLC_Resnet50_DLC-WhiteAnimalsJul23shuffle1_snapshot_060_filtered.csv,2,
286,FoodLightExcitatory_2_20_25_S2Y_Happy.mp4,30017,25.0,1200.68,360,288,white,FoodLight,2025-02-20,Happy,saline,Excitatory,2,data/DlcDataPytorchFiltered/WhiteAnimals2X/FoodLight/FoodLightExcitatory_2_20_25_S2Y_HappyDLC_Resnet50_DLC-WhiteAnimalsJul23shuffle1_snapshot_060_filtered.csv,2,
287,FoodLight_1_16_25_S1Y_Austin.mp4,30016,25.0,1200.64,360,288,white,FoodLight,2025-01-16,Austin,saline,,1,data/DlcDataPytorchFiltered/WhiteAnimals2X/FoodLight/FoodLight_1_16_25_S1Y_AustinDLC_Resnet50_DLC-WhiteAnimalsJul23shuffle1_snapshot_060_filtered.csv,2,
288,FoodLight_1_17_25_S4P_NewJersey.mp4,30015,25.0,1200.6,360,288,white,FoodLight,2025-01-17,NewJersey,ghrelin,,2,data/DlcDataPytorchFiltered/WhiteAnimals2X/FoodLight/FoodLight_1_17_25_S4P_NewJerseyDLC_Resnet50_DLC-WhiteAnimalsJul23shuffle1_snapshot_060_filtered.csv,2,
289,FoodLight_1_16_25_S1Y_Toronto.mp4,30016,25.0,1200.64,360,288,white,FoodLight,2025-01-16,Toronto,saline,,3,data/DlcDataPytorchFiltered/WhiteAnimals2X/FoodLight/FoodLight_1_16_25_S1Y_TorontoDLC_Resnet50_DLC-WhiteAnimalsJul23shuffle1_snapshot_060_filtered.csv,2,
290,FoodLight_1_16_25_S2Y_Waco.mp4,30018,25.0,1200.72,360,288,white,FoodLight,2025-01-16,Waco,saline,,3,data/DlcDataPytorchFiltered/WhiteAnimals2X/FoodLight/FoodLight_1_16_25_S2Y_WacoDLC_Resnet50_DLC-WhiteAnimalsJul23shuffle1_snapshot_060_filtered.csv,2,
291,FoodLightExcitatory_2_20_25_S2Y_Bashful.mp4,30017,25.0,1200.68,360,288,white,FoodLight,2025-02-20,Bashful,saline,Excitatory,1,data/DlcDataPytorchFiltered/WhiteAnimals2X/FoodLight/FoodLightExcitatory_2_20_25_S2Y_BashfulDLC_Resnet50_DLC-WhiteAnimalsJul23shuffle1_snapshot_060_filtered.csv,2,
292,FoodLight_1_16_25_S3Y_Venice.mp4,30018,25.0,1200.72,360,288,white,FoodLight,2025-01-16,Venice,saline,,4,data/DlcDataPytorchFiltered/WhiteAnimals2X/FoodLight/FoodLight_1_16_25_S3Y_VeniceDLC_Resnet50_DLC-WhiteAnimalsJul23shuffle1_snapshot_060_filtered.csv,2,
293,FoodLightInhibitory_1_15_25_S1P_F.mp4,30016,25.0,1200.64,360,288,white,FoodLight,2025-01-15,F,ghrelin,Inhibitory,4,data/DlcDataPytorchFiltered/WhiteAnimals2X/FoodLight/FoodLightInhibitory_1_15_25_S1P_FDLC_Resnet50_DLC-WhiteAnimalsJul23shuffle1_snapshot_060_filtered.csv,2,
294,FoodLightExcitatory_2_20_25_S2Y_Sleepy.mp4,30017,25.0,1200.68,360,288,white,FoodLight,2025-02-20,Sleepy,saline,Excitatory,3,data/DlcDataPytorchFiltered/WhiteAnimals2X/FoodLight/FoodLightExcitatory_2_20_25_S2Y_SleepyDLC_Resnet50_DLC-WhiteAnimalsJul23shuffle1_snapshot_060_filtered.csv,2,
295,FoodLight_1_16_25_S2Y_ElPaso.mp4,30018,25.0,1200.72,360,288,white,FoodLight,2025-01-16,ElPaso,saline,,2,data/DlcDataPytorchFiltered/WhiteAnimals2X/FoodLight/FoodLight_1_16_25_S2Y_ElPasoDLC_Resnet50_DLC-WhiteAnimalsJul23shuffle1_snapshot_060_filtered.csv,2,
296,FoodLight_1_17_25_S2P_Seattle.mp4,30014,25.0,1200.56,360,288,white,FoodLight,2025-01-17,Seattle,ghrelin,,2,data/DlcDataPytorchFiltered/WhiteAnimals2X/FoodLight/FoodLight_1_17_25_S2P_SeattleDLC_Resnet50_DLC-WhiteAnimalsJul23shuffle1_snapshot_060_filtered.csv,2,
297,FoodLight_1_16_25_S4Y_Phoenix.mp4,30019,25.0,1200.76,360,288,white,FoodLight,2025-01-16,Phoenix,saline,,3,data/DlcDataPytorchFiltered/WhiteAnimals2X/FoodLight/FoodLight_1_16_25_S4Y_PhoenixDLC_Resnet50_DLC-WhiteAnimalsJul23shuffle1_snapshot_060_filtered.csv,2,
298,FoodLightInhibitory_1_15_25_S1P_B.mp4,30016,25.0,1200.64,360,288,white,FoodLight,2025-01-15,B,ghrelin,Inhibitory,2,data/DlcDataPytorchFiltered/WhiteAnimals2X/FoodLight/FoodLightInhibitory_1_15_25_S1P_BDLC_Resnet50_DLC-WhiteAnimalsJul23shuffle1_snapshot_060_filtered.csv,2,
299,FoodLightInhibitory_1_15_25_S1P_C.mp4,30016,25.0,1200.64,360,288,white,FoodLight,2025-01-15,C,ghrelin,Inhibitory,3,data/DlcDataPytorchFiltered/WhiteAnimals2X/FoodLight/FoodLightInhibitory_1_15_25_S1P_CDLC_Resnet50_DLC-WhiteAnimalsJul23shuffle1_snapshot_060_filtered.csv,2,
300,FoodLight_1_16_25_S4Y_London.mp4,30019,25.0,1200.76,360,288,white,FoodLight,2025-01-16,London,saline,,2,data/DlcDataPytorchFiltered/WhiteAnimals2X/FoodLight/FoodLight_1_16_25_S4Y_LondonDLC_Resnet50_DLC-WhiteAnimalsJul23shuffle1_snapshot_060_filtered.csv,2,
301,FoodLight_1_17_25_S1P_FtWorth.mp4,30016,25.0,1200.64,360,288,white,FoodLight,2025-01-17,FtWorth,ghrelin,,1,data/DlcDataPytorchFiltered/WhiteAnimals2X/FoodLight/FoodLight_1_17_25_S1P_FtWorthDLC_Resnet50_DLC-WhiteAnimalsJul23shuffle1_snapshot_060_filtered.csv,2,
302,FoodLightInhibitory_1_15_25_S4P_M.mp4,30020,25.0,1200.8,360,288,white,FoodLight,2025-01-15,M,ghrelin,Inhibitory,1,data/DlcDataPytorchFiltered/WhiteAnimals2X/FoodLight/FoodLightInhibitory_1_15_25_S4P_MDLC_Resnet50_DLC-WhiteAnimalsJul23shuffle1_snapshot_060_filtered.csv,2,
303,FoodLight_1_16_25_S1Y_Houston.mp4,30016,25.0,1200.64,360,288,white,FoodLight,2025-01-16,Houston,saline,,2,data/DlcDataPytorchFiltered/WhiteAnimals2X/FoodLight/FoodLight_1_16_25_S1Y_HoustonDLC_Resnet50_DLC-WhiteAnimalsJul23shuffle1_snapshot_060_filtered.csv,2,
304,FoodLightInhibitory_1_15_25_S1P_A.mp4,30016,25.0,1200.64,360,288,white,FoodLight,2025-01-15,A,ghrelin,Inhibitory,1,data/DlcDataPytorchFiltered/WhiteAnimals2X/FoodLight/FoodLightInhibitory_1_15_25_S1P_ADLC_Resnet50_DLC-WhiteAnimalsJul23shuffle1_snapshot_060_filtered.csv,2,
305,FoodLight_1_17_25_S2P_LA.mp4,30014,25.0,1200.56,360,288,white,FoodLight,2025-01-17,LA,ghrelin,,1,data/DlcDataPytorchFiltered/WhiteAnimals2X/FoodLight/FoodLight_1_17_25_S2P_LADLC_Resnet50_DLC-WhiteAnimalsJul23shuffle1_snapshot_060_filtered.csv,2,
306,FoodLightExcitatory_2_20_25_S1Y_Sneezy.mp4,30016,25.0,1200.64,360,288,white,FoodLight,2025-02-20,Sneezy,saline,Excitatory,3,data/DlcDataPytorchFiltered/WhiteAnimals2X/FoodLight/FoodLightExcitatory_2_20_25_S1Y_SneezyDLC_Resnet50_DLC-WhiteAnimalsJul23shuffle1_snapshot_060_filtered.csv,2,
307,FoodLightExcitatory_2_20_25_S1Y_Doc.mp4,30016,25.0,1200.64,360,288,white,FoodLight,2025-02-20,Doc,saline,Excitatory,4,data/DlcDataPytorchFiltered/WhiteAnimals2X/FoodLight/FoodLightExcitatory_2_20_25_S1Y_DocDLC_Resnet50_DLC-WhiteAnimalsJul23shuffle1_snapshot_060_filtered.csv,2,
308,FoodLight_1_17_25_S2P_Chicago.mp4,30014,25.0,1200.56,360,288,white,FoodLight,2025-01-17,Chicago,ghrelin,,3,data/DlcDataPytorchFiltered/WhiteAnimals2X/FoodLight/FoodLight_1_17_25_S2P_ChicagoDLC_Resnet50_DLC-WhiteAnimalsJul23shuffle1_snapshot_060_filtered.csv,2,
309,FoodLight_1_17_25_S3P_Ruidoso.mp4,30020,25.0,1200.8,360,288,white,FoodLight,2025-01-17,Ruidoso,ghrelin,,2,data/DlcDataPytorchFiltered/WhiteAnimals2X/FoodLight/FoodLight_1_17_25_S3P_RuidosoDLC_Resnet50_DLC-WhiteAnimalsJul23shuffle1_snapshot_060_filtered.csv,2,
310,FoodLightInhibitory_1_15_25_S2P_H.mp4,30017,25.0,1200.68,360,288,white,FoodLight,2025-01-15,H,ghrelin,Inhibitory,4,data/DlcDataPytorchFiltered/WhiteAnimals2X/FoodLight/FoodLightInhibitory_1_15_25_S2P_HDLC_Resnet50_DLC-WhiteAnimalsJul23shuffle1_snapshot_060_filtered.csv,2,
311,FoodLight_1_16_25_S3Y_Rome.mp4,30018,25.0,1200.72,360,288,white,FoodLight,2025-01-16,Rome,saline,,3,data/DlcDataPytorchFiltered/WhiteAnimals2X/FoodLight/FoodLight_1_16_25_S3Y_RomeDLC_Resnet50_DLC-WhiteAnimalsJul23shuffle1_snapshot_060_filtered.csv,2,
312,FoodLight_1_17_25_S1P_Tampa.mp4,30016,25.0,1200.64,360,288,white,FoodLight,2025-01-17,Tampa,ghrelin,,3,data/DlcDataPytorchFiltered/WhiteAnimals2X/FoodLight/FoodLight_1_17_25_S1P_TampaDLC_Resnet50_DLC-WhiteAnimalsJul23shuffle1_snapshot_060_filtered.csv,2,
313,FoodLight_1_17_25_S3P_Tokyo.mp4,30020,25.0,1200.8,360,288,white,FoodLight,2025-01-17,Tokyo,ghrelin,,1,data/DlcDataPytorchFiltered/WhiteAnimals2X/FoodLight/FoodLight_1_17_25_S3P_TokyoDLC_Resnet50_DLC-WhiteAnimalsJul23shuffle1_snapshot_060_filtered.csv,2,
314,FoodLightInhibitory_1_15_25_S2P_L.mp4,30017,25.0,1200.68,360,288,white,FoodLight,2025-01-15,L,ghrelin,Inhibitory,2,data/DlcDataPytorchFiltered/WhiteAnimals2X/FoodLight/FoodLightInhibitory_1_15_25_S2P_LDLC_Resnet50_DLC-WhiteAnimalsJul23shuffle1_snapshot_060_filtered.csv,2,
315,FoodLight_1_16_25_S1Y_Berlin.mp4,30016,25.0,1200.64,360,288,white,FoodLight,2025-01-16,Berlin,saline,,4,data/DlcDataPytorchFiltered/WhiteAnimals2X/FoodLight/FoodLight_1_16_25_S1Y_BerlinDLC_Resnet50_DLC-WhiteAnimalsJul23shuffle1_snapshot_060_filtered.csv,2,
316,FoodLight_1_17_25_S1P_Dallas.mp4,30016,25.0,1200.64,360,288,white,FoodLight,2025-01-17,Dallas,ghrelin,,4,data/DlcDataPytorchFiltered/WhiteAnimals2X/FoodLight/FoodLight_1_17_25_S1P_DallasDLC_Resnet50_DLC-WhiteAnimalsJul23shuffle1_snapshot_060_filtered.csv,2,
317,FoodLight_1_16_25_S4Y_Paris.mp4,30019,25.0,1200.76,360,288,white,FoodLight,2025-01-16,Paris,saline,,1,data/DlcDataPytorchFiltered/WhiteAnimals2X/FoodLight/FoodLight_1_16_25_S4Y_ParisDLC_Resnet50_DLC-WhiteAnimalsJul23shuffle1_snapshot_060_filtered.csv,2,
318,FoodLight_1_17_25_S2P_LasCruces.mp4,30014,25.0,1200.56,360,288,white,FoodLight,2025-01-17,LasCruces,ghrelin,,4,data/DlcDataPytorchFiltered/WhiteAnimals2X/FoodLight/FoodLight_1_17_25_S2P_LasCrucesDLC_Resnet50_DLC-WhiteAnimalsJul23shuffle1_snapshot_060_filtered.csv,2,
319,ToyOnlyInhibitory_2_27_25_S1P_F.mp4,30017,25.0,1200.68,360,288,white,ToyOnly,2025-02-27,F,ghrelin,Inhibitory,4,data/DlcDataPytorchFiltered/WhiteAnimals2X/ToyOnly/ToyOnlyInhibitory_2_27_25_S1P_FDLC_Resnet50_DLC-WhiteAnimalsJul23shuffle1_snapshot_060_filtered.csv,2,
320,ToyOnly_2_25_25_S4P_NewYork.mp4,30016,25.0,1200.64,360,288,white,ToyOnly,2025-02-25,NewYork,ghrelin,,1,data/DlcDataPytorchFiltered/WhiteAnimals2X/ToyOnly/ToyOnly_2_25_25_S4P_NewYorkDLC_Resnet50_DLC-WhiteAnimalsJul23shuffle1_snapshot_060_filtered.csv,2,
321,ToyOnlyInhibitory_2_27_25_S1P_A.mp4,30017,25.0,1200.68,360,288,white,ToyOnly,2025-02-27,A,ghrelin,Inhibitory,1,data/DlcDataPytorchFiltered/WhiteAnimals2X/ToyOnly/ToyOnlyInhibitory_2_27_25_S1P_ADLC_Resnet50_DLC-WhiteAnimalsJul23shuffle1_snapshot_060_filtered.csv,2,
322,ToyOnly_2_25_25_S3P_Atlanta.mp4,30015,25.0,1200.6,360,288,white,ToyOnly,2025-02-25,Atlanta,ghrelin,,4,data/DlcDataPytorchFiltered/WhiteAnimals2X/ToyOnly/ToyOnly_2_25_25_S3P_AtlantaDLC_Resnet50_DLC-WhiteAnimalsJul23shuffle1_snapshot_060_filtered.csv,2,
323,ToyOnly_3_4_25_S1Y_Toronto.mp4,30017,25.0,1200.68,360,288,white,ToyOnly,2025-03-04,Toronto,saline,,3,data/DlcDataPytorchFiltered/WhiteAnimals2X/ToyOnly/ToyOnly_3_4_25_S1Y_TorontoDLC_Resnet50_DLC-WhiteAnimalsJul23shuffle1_snapshot_060_filtered.csv,2,
324,ToyOnlyInhibitory_2_27_25_S4P_M.mp4,30015,25.0,1200.6,360,288,white,ToyOnly,2025-02-27,M,ghrelin,Inhibitory,1,data/DlcDataPytorchFiltered/WhiteAnimals2X/ToyOnly/ToyOnlyInhibitory_2_27_25_S4P_MDLC_Resnet50_DLC-WhiteAnimalsJul23shuffle1_snapshot_060_filtered.csv,2,
325,ToyOnlyInhibitory_2_27_25_S1P_B.mp4,30017,25.0,1200.68,360,288,white,ToyOnly,2025-02-27,B,ghrelin,Inhibitory,2,data/DlcDataPytorchFiltered/WhiteAnimals2X/ToyOnly/ToyOnlyInhibitory_2_27_25_S1P_BDLC_Resnet50_DLC-WhiteAnimalsJul23shuffle1_snapshot_060_filtered.csv,2,
326,ToyOnly_3_4_25_S1Y_Berlin.mp4,30017,25.0,1200.68,360,288,white,ToyOnly,2025-03-04,Berlin,saline,,4,data/DlcDataPytorchFiltered/WhiteAnimals2X/ToyOnly/ToyOnly_3_4_25_S1Y_BerlinDLC_Resnet50_DLC-WhiteAnimalsJul23shuffle1_snapshot_060_filtered.csv,2,
327,ToyOnlyExcitatory_2_26_25_S3Y_Roy.mp4,30016,25.0,1200.64,360,288,white,ToyOnly,2025-02-26,Roy,saline,Excitatory,1,data/DlcDataPytorchFiltered/WhiteAnimals2X/ToyOnly/ToyOnlyExcitatory_2_26_25_S3Y_RoyDLC_Resnet50_DLC-WhiteAnimalsJul23shuffle1_snapshot_060_filtered.csv,2,
328,ToyOnly_2_25_25_S4P_NewJersey.mp4,30016,25.0,1200.64,360,288,white,ToyOnly,2025-02-25,NewJersey,ghrelin,,2,data/DlcDataPytorchFiltered/WhiteAnimals2X/ToyOnly/ToyOnly_2_25_25_S4P_NewJerseyDLC_Resnet50_DLC-WhiteAnimalsJul23shuffle1_snapshot_060_filtered.csv,2,
329,ToyOnly_2_25_25_S3P_NewOrleans.mp4,30015,25.0,1200.6,360,288,white,ToyOnly,2025-02-25,NewOrleans,ghrelin,,3,data/DlcDataPytorchFiltered/WhiteAnimals2X/ToyOnly/ToyOnly_2_25_25_S3P_NewOrleansDLC_Resnet50_DLC-WhiteAnimalsJul23shuffle1_snapshot_060_filtered.csv,2,
330,ToyOnly_2_25_25_S1P_Orlando.mp4,30018,25.0,1200.72,360,288,white,ToyOnly,2025-02-25,Orlando,ghrelin,,2,data/DlcDataPytorchFiltered/WhiteAnimals2X/ToyOnly/ToyOnly_2_25_25_S1P_OrlandoDLC_Resnet50_DLC-WhiteAnimalsJul23shuffle1_snapshot_060_filtered.csv,2,
331,ToyOnlyExcitatory_2_26_25_S2Y_Bashful.mp4,30016,25.0,1200.64,360,288,white,ToyOnly,2025-02-26,Bashful,saline,Excitatory,1,data/DlcDataPytorchFiltered/WhiteAnimals2X/ToyOnly/ToyOnlyExcitatory_2_26_25_S2Y_BashfulDLC_Resnet50_DLC-WhiteAnimalsJul23shuffle1_snapshot_060_filtered.csv,2,
332,ToyOnlyInhibitory_2_27_25_S1P_C.mp4,30017,25.0,1200.68,360,288,white,ToyOnly,2025-02-27,C,ghrelin,Inhibitory,3,data/DlcDataPytorchFiltered/WhiteAnimals2X/ToyOnly/ToyOnlyInhibitory_2_27_25_S1P_CDLC_Resnet50_DLC-WhiteAnimalsJul23shuffle1_snapshot_060_filtered.csv,2,
333,ToyOnlyInhibitory_2_27_25_S2P_H.mp4,30017,25.0,1200.68,360,288,white,ToyOnly,2025-02-27,H,ghrelin,Inhibitory,4,data/DlcDataPytorchFiltered/WhiteAnimals2X/ToyOnly/ToyOnlyInhibitory_2_27_25_S2P_HDLC_Resnet50_DLC-WhiteAnimalsJul23shuffle1_snapshot_060_filtered.csv,2,
334,ToyOnlyExcitatory_2_26_25_S4Y_Ivy.mp4,30015,25.0,1200.6,360,288,white,ToyOnly,2025-02-26,Ivy,saline,Excitatory,1,data/DlcDataPytorchFiltered/WhiteAnimals2X/ToyOnly/ToyOnlyExcitatory_2_26_25_S4Y_IvyDLC_Resnet50_DLC-WhiteAnimalsJul23shuffle1_snapshot_060_filtered.csv,2,
335,ToyOnlyInhibitory_2_27_25_S2P_L.mp4,30017,25.0,1200.68,360,288,white,ToyOnly,2025-02-27,L,ghrelin,Inhibitory,2,data/DlcDataPytorchFiltered/WhiteAnimals2X/ToyOnly/ToyOnlyInhibitory_2_27_25_S2P_LDLC_Resnet50_DLC-WhiteAnimalsJul23shuffle1_snapshot_060_filtered.csv,2,
336,ToyOnlyExcitatory_2_26_25_S1Y_Grumpy.mp4,30015,25.0,1200.6,360,288,white,ToyOnly,2025-02-26,Grumpy,saline,Excitatory,2,data/DlcDataPytorchFiltered/WhiteAnimals2X/ToyOnly/ToyOnlyExcitatory_2_26_25_S1Y_GrumpyDLC_Resnet50_DLC-WhiteAnimalsJul23shuffle1_snapshot_060_filtered.csv,2,
337,ToyOnly_2_25_25_S2P_LA.mp4,30016,25.0,1200.64,360,288,white,ToyOnly,2025-02-25,LA,ghrelin,,1,data/DlcDataPytorchFiltered/WhiteAnimals2X/ToyOnly/ToyOnly_2_25_25_S2P_LADLC_Resnet50_DLC-WhiteAnimalsJul23shuffle1_snapshot_060_filtered.csv,2,
338,ToyOnly_3_4_25_S4Y_London.mp4,30015,25.0,1200.6,360,288,white,ToyOnly,2025-03-04,London,saline,,2,data/DlcDataPytorchFiltered/WhiteAnimals2X/ToyOnly/ToyOnly_3_4_25_S4Y_LondonDLC_Resnet50_DLC-WhiteAnimalsJul23shuffle1_snapshot_060_filtered.csv,2,
339,ToyOnly_2_25_25_S2P_Seattle.mp4,30016,25.0,1200.64,360,288,white,ToyOnly,2025-02-25,Seattle,ghrelin,,2,data/DlcDataPytorchFiltered/WhiteAnimals2X/ToyOnly/ToyOnly_2_25_25_S2P_SeattleDLC_Resnet50_DLC-WhiteAnimalsJul23shuffle1_snapshot_060_filtered.csv,2,
340,ToyOnly_3_4_25_S4Y_Paris.mp4,30015,25.0,1200.6,360,288,white,ToyOnly,2025-03-04,Paris,saline,,1,data/DlcDataPytorchFiltered/WhiteAnimals2X/ToyOnly/ToyOnly_3_4_25_S4Y_ParisDLC_Resnet50_DLC-WhiteAnimalsJul23shuffle1_snapshot_060_filtered.csv,2,
341,ToyOnly_2_25_25_S1P_FtWorth.mp4,30018,25.0,1200.72,360,288,white,ToyOnly,2025-02-25,FtWorth,ghrelin,,1,data/DlcDataPytorchFiltered/WhiteAnimals2X/ToyOnly/ToyOnly_2_25_25_S1P_FtWorthDLC_Resnet50_DLC-WhiteAnimalsJul23shuffle1_snapshot_060_filtered.csv,2,
342,ToyOnlyExcitatory_2_26_25_S3Y_Sam.mp4,30016,25.0,1200.64,360,288,white,ToyOnly,2025-02-26,Sam,saline,Excitatory,2,data/DlcDataPytorchFiltered/WhiteAnimals2X/ToyOnly/ToyOnlyExcitatory_2_26_25_S3Y_SamDLC_Resnet50_DLC-WhiteAnimalsJul23shuffle1_snapshot_060_filtered.csv,2,
343,ToyOnlyExcitatory_2_26_25_S1Y_Sneezy.mp4,30015,25.0,1200.6,360,288,white,ToyOnly,2025-02-26,Sneezy,saline,Excitatory,3,data/DlcDataPytorchFiltered/WhiteAnimals2X/ToyOnly/ToyOnlyExcitatory_2_26_25_S1Y_SneezyDLC_Resnet50_DLC-WhiteAnimalsJul23shuffle1_snapshot_060_filtered.csv,2,
344,ToyOnlyInhibitory_2_27_25_S2P_G.mp4,30017,25.0,1200.68,360,288,white,ToyOnly,2025-02-27,G,ghrelin,Inhibitory,3,data/DlcDataPytorchFiltered/WhiteAnimals2X/ToyOnly/ToyOnlyInhibitory_2_27_25_S2P_GDLC_Resnet50_DLC-WhiteAnimalsJul23shuffle1_snapshot_060_filtered.csv,2,
345,ToyOnly_3_4_25_S1Y_Austin.mp4,30017,25.0,1200.68,360,288,white,ToyOnly,2025-03-04,Austin,saline,,1,data/DlcDataPytorchFiltered/WhiteAnimals2X/ToyOnly/ToyOnly_3_4_25_S1Y_AustinDLC_Resnet50_DLC-WhiteAnimalsJul23shuffle1_snapshot_060_filtered.csv,2,
346,ToyOnly_2_25_25_S2P_LasCruces.mp4,30016,25.0,1200.64,360,288,white,ToyOnly,2025-02-25,LasCruces,ghrelin,,4,data/DlcDataPytorchFiltered/WhiteAnimals2X/ToyOnly/ToyOnly_2_25_25_S2P_LasCrucesDLC_Resnet50_DLC-WhiteAnimalsJul23shuffle1_snapshot_060_filtered.csv,2,
347,ToyOnlyInhibitory_2_27_25_S2P_E.mp4,30017,25.0,1200.68,360,288,white,ToyOnly,2025-02-27,E,ghrelin,Inhibitory,1,data/DlcDataPytorchFiltered/WhiteAnimals2X/ToyOnly/ToyOnlyInhibitory_2_27_25_S2P_EDLC_Resnet50_DLC-WhiteAnimalsJul23shuffle1_snapshot_060_filtered.csv,2,
348,ToyOnlyExcitatory_2_26_25_S4Y_May.mp4,30015,25.0,1200.6,360,288,white,ToyOnly,2025-02-26,May,saline,Excitatory,2,data/DlcDataPytorchFiltered/WhiteAnimals2X/ToyOnly/ToyOnlyExcitatory_2_26_25_S4Y_MayDLC_Resnet50_DLC-WhiteAnimalsJul23shuffle1_snapshot_060_filtered.csv,2,
349,ToyOnly_2_25_25_S2P_Chicago.mp4,30016,25.0,1200.64,360,288,white,ToyOnly,2025-02-25,Chicago,ghrelin,,3,data/DlcDataPytorchFiltered/WhiteAnimals2X/ToyOnly/ToyOnly_2_25_25_S2P_ChicagoDLC_Resnet50_DLC-WhiteAnimalsJul23shuffle1_snapshot_060_filtered.csv,2,
350,ToyOnlyInhibitory_2_27_25_S3P_K.mp4,30019,25.0,1200.76,360,288,white,ToyOnly,2025-02-27,K,ghrelin,Inhibitory,3,data/DlcDataPytorchFiltered/WhiteAnimals2X/ToyOnly/ToyOnlyInhibitory_2_27_25_S3P_KDLC_Resnet50_DLC-WhiteAnimalsJul23shuffle1_snapshot_060_filtered.csv,2,
351,ToyOnlyExcitatory_2_26_25_S2Y_Happy.mp4,30016,25.0,1200.64,360,288,white,ToyOnly,2025-02-26,Happy,saline,Excitatory,2,data/DlcDataPytorchFiltered/WhiteAnimals2X/ToyOnly/ToyOnlyExcitatory_2_26_25_S2Y_HappyDLC_Resnet50_DLC-WhiteAnimalsJul23shuffle1_snapshot_060_filtered.csv,2,
352,ToyOnlyInhibitory_2_27_25_S3P_J.mp4,30019,25.0,1200.76,360,288,white,ToyOnly,2025-02-27,J,ghrelin,Inhibitory,2,data/DlcDataPytorchFiltered/WhiteAnimals2X/ToyOnly/ToyOnlyInhibitory_2_27_25_S3P_JDLC_Resnet50_DLC-WhiteAnimalsJul23shuffle1_snapshot_060_filtered.csv,2,
353,ToyOnlyExcitatory_2_26_25_S1Y_Doc.mp4,30015,25.0,1200.6,360,288,white,ToyOnly,2025-02-26,Doc,saline,Excitatory,4,data/DlcDataPytorchFiltered/WhiteAnimals2X/ToyOnly/ToyOnlyExcitatory_2_26_25_S1Y_DocDLC_Resnet50_DLC-WhiteAnimalsJul23shuffle1_snapshot_060_filtered.csv,2,
354,ToyOnlyInhibitory_2_27_25_S3P_I.mp4,30019,25.0,1200.76,360,288,white,ToyOnly,2025-02-27,I,ghrelin,Inhibitory,1,data/DlcDataPytorchFiltered/WhiteAnimals2X/ToyOnly/ToyOnlyInhibitory_2_27_25_S3P_IDLC_Resnet50_DLC-WhiteAnimalsJul23shuffle1_snapshot_060_filtered.csv,2,
355,ToyOnly_2_25_25_S3P_Ruidoso.mp4,30015,25.0,1200.6,360,288,white,ToyOnly,2025-02-25,Ruidoso,ghrelin,,2,data/DlcDataPytorchFiltered/WhiteAnimals2X/ToyOnly/ToyOnly_2_25_25_S3P_RuidosoDLC_Resnet50_DLC-WhiteAnimalsJul23shuffle1_snapshot_060_filtered.csv,2,
356,ToyOnly_2_25_25_S1P_Dallas.mp4,30018,25.0,1200.72,360,288,white,ToyOnly,2025-02-25,Dallas,ghrelin,,4,data/DlcDataPytorchFiltered/WhiteAnimals2X/ToyOnly/ToyOnly_2_25_25_S1P_DallasDLC_Resnet50_DLC-WhiteAnimalsJul23shuffle1_snapshot_060_filtered.csv,2,
357,ToyOnly_3_4_25_S1Y_Houston.mp4,30017,25.0,1200.68,360,288,white,ToyOnly,2025-03-04,Houston,saline,,2,data/DlcDataPytorchFiltered/WhiteAnimals2X/ToyOnly/ToyOnly_3_4_25_S1Y_HoustonDLC_Resnet50_DLC-WhiteAnimalsJul23shuffle1_snapshot_060_filtered.csv,2,
358,ToyOnlyExcitatory_2_26_25_S1Y_Dopey.mp4,30015,25.0,1200.6,360,288,white,ToyOnly,2025-02-26,Dopey,saline,Excitatory,1,data/DlcDataPytorchFiltered/WhiteAnimals2X/ToyOnly/ToyOnlyExcitatory_2_26_25_S1Y_DopeyDLC_Resnet50_DLC-WhiteAnimalsJul23shuffle1_snapshot_060_filtered.csv,2,
359,ToyOnly_2_25_25_S3P_Tokyo.mp4,30015,25.0,1200.6,360,288,white,ToyOnly,2025-02-25,Tokyo,ghrelin,,1,data/DlcDataPytorchFiltered/WhiteAnimals2X/ToyOnly/ToyOnly_2_25_25_S3P_TokyoDLC_Resnet50_DLC-WhiteAnimalsJul23shuffle1_snapshot_060_filtered.csv,2,
360,ToyOnlyExcitatory_2_26_25_S2Y_Sleepy.mp4,30016,25.0,1200.64,360,288,white,ToyOnly,2025-02-26,Sleepy,saline,Excitatory,3,data/DlcDataPytorchFiltered/WhiteAnimals2X/ToyOnly/ToyOnlyExcitatory_2_26_25_S2Y_SleepyDLC_Resnet50_DLC-WhiteAnimalsJul23shuffle1_snapshot_060_filtered.csv,2,
361,ToyOnly_2_25_25_S1P_Tampa.mp4,30018,25.0,1200.72,360,288,white,ToyOnly,2025-02-25,Tampa,ghrelin,,3,data/DlcDataPytorchFiltered/WhiteAnimals2X/ToyOnly/ToyOnly_2_25_25_S1P_TampaDLC_Resnet50_DLC-WhiteAnimalsJul23shuffle1_snapshot_060_filtered.csv,2,
362,ToyOnlyInhibitory_2_27_25_S4P_P.mp4,30015,25.0,1200.6,360,288,white,ToyOnly,2025-02-27,P,ghrelin,Inhibitory,2,data/DlcDataPytorchFiltered/WhiteAnimals2X/ToyOnly/ToyOnlyInhibitory_2_27_25_S4P_PDLC_Resnet50_DLC-WhiteAnimalsJul23shuffle1_snapshot_060_filtered.csv,2,
363,ToyOnly_3_4_25_S4Y_Phoenix.mp4,30015,25.0,1200.6,360,288,white,ToyOnly,2025-03-04,Phoenix,saline,,3,data/DlcDataPytorchFiltered/WhiteAnimals2X/ToyOnly/ToyOnly_3_4_25_S4Y_PhoenixDLC_Resnet50_DLC-WhiteAnimalsJul23shuffle1_snapshot_060_filtered.csv,2,
364,ToyOnlyInhibitory_2_27_25_S3P_O.mp4,30019,25.0,1200.76,360,288,white,ToyOnly,2025-02-27,O,ghrelin,Inhibitory,4,data/DlcDataPytorchFiltered/WhiteAnimals2X/ToyOnly/ToyOnlyInhibitory_2_27_25_S3P_ODLC_Resnet50_DLC-WhiteAnimalsJul23shuffle1_snapshot_060_filtered.csv,2,
365,ToyOnlyInhibitory_2_27_25_S4P_Q.mp4,30015,25.0,1200.6,360,288,white,ToyOnly,2025-02-27,Q,ghrelin,Inhibitory,3,data/DlcDataPytorchFiltered/WhiteAnimals2X/ToyOnly/ToyOnlyInhibitory_2_27_25_S4P_QDLC_Resnet50_DLC-WhiteAnimalsJul23shuffle1_snapshot_060_filtered.csv,2,
